solid OpenSCAD_Model
  facet normal -0.83546 -0.547028 -0.0526003
    outer loop
      vertex -47 -35 7.5
      vertex -47.0434 -35 8.18933
      vertex -49.75 -30.8 7.5
    endloop
  endfacet
  facet normal -0.83546 -0.547028 -0.0525996
    outer loop
      vertex -49.75 -30.8 7.5
      vertex -47.0434 -35 8.18933
      vertex -49.7717 -30.8 7.84467
    endloop
  endfacet
  facet normal 0.208216 -0.547029 -0.810805
    outer loop
      vertex -53.3498 -30.8 10.1154
      vertex -53.0153 -30.8 10.2013
      vertex -53.5306 -35 12.9026
    endloop
  endfacet
  facet normal -0.83546 -0.547028 0.0526003
    outer loop
      vertex -47.0434 -35 6.81067
      vertex -47 -35 7.5
      vertex -49.75 -30.8 7.5
    endloop
  endfacet
  facet normal -0.64499 -0.547023 0.533623
    outer loop
      vertex -48.0504 -35 4.26718
      vertex -50.4953 -30.8 5.6175
      vertex -48.4907 -35 3.73499
    endloop
  endfacet
  facet normal -0.645041 -0.547031 0.533554
    outer loop
      vertex -50.4953 -30.8 5.6175
      vertex -48.0504 -35 4.26718
      vertex -50.2752 -30.8 5.88359
    endloop
  endfacet
  facet normal -0.796155 -0.547029 0.258642
    outer loop
      vertex -47.1728 -35 6.13221
      vertex -49.9431 -30.8 6.48766
      vertex -47.3862 -35 5.47532
    endloop
  endfacet
  facet normal -0.796154 -0.547029 0.258646
    outer loop
      vertex -49.9431 -30.8 6.48766
      vertex -47.1728 -35 6.13221
      vertex -49.8364 -30.8 6.8161
    endloop
  endfacet
  facet normal -0.822292 -0.547027 0.156833
    outer loop
      vertex -47.1728 -35 6.13221
      vertex -47.0434 -35 6.81067
      vertex -49.7717 -30.8 7.15533
    endloop
  endfacet
  facet normal -0.757431 -0.547036 0.35644
    outer loop
      vertex -47.3862 -35 5.47532
      vertex -50.0902 -30.8 6.17518
      vertex -47.6803 -35 4.85036
    endloop
  endfacet
  facet normal -0.75739 -0.547027 0.356542
    outer loop
      vertex -50.0902 -30.8 6.17518
      vertex -47.3862 -35 5.47532
      vertex -49.9431 -30.8 6.48766
    endloop
  endfacet
  facet normal -0.706797 -0.547029 0.44855
    outer loop
      vertex -48.0504 -35 4.26718
      vertex -47.6803 -35 4.85036
      vertex -50.2752 -30.8 5.88359
    endloop
  endfacet
  facet normal -0.104914 -0.547029 0.830514
    outer loop
      vertex -51.9847 -30.8 4.79871
      vertex -52.1547 -35 2.01085
      vertex -51.4694 -35 2.09742
    endloop
  endfacet
  facet normal -0.104917 -0.547028 0.830513
    outer loop
      vertex -52.1547 -35 2.01085
      vertex -51.9847 -30.8 4.79871
      vertex -52.3273 -30.8 4.75543
    endloop
  endfacet
  facet normal -0.403319 -0.547028 0.733549
    outer loop
      vertex -50.1582 -35 2.52345
      vertex -49.553 -35 2.8562
      vertex -51.0265 -30.8 5.1781
    endloop
  endfacet
  facet normal 0.706847 -0.547038 0.448461
    outer loop
      vertex -54.7248 -30.8 5.88359
      vertex -54.9098 -30.8 6.17518
      vertex -57.3197 -35 4.85036
    endloop
  endfacet
  facet normal 0.308157 -0.547028 0.778331
    outer loop
      vertex -54.1996 -35 2.26919
      vertex -53.3498 -30.8 4.88459
      vertex -54.8418 -35 2.52345
    endloop
  endfacet
  facet normal -0.492035 -0.547025 -0.677248
    outer loop
      vertex -50.7471 -30.8 9.61891
      vertex -48.9942 -35 11.7378
      vertex -51.0265 -30.8 9.8219
    endloop
  endfacet
  facet normal -0.796154 -0.547029 -0.258646
    outer loop
      vertex -47.1728 -35 8.86779
      vertex -49.9431 -30.8 8.51234
      vertex -49.8364 -30.8 8.1839
    endloop
  endfacet
  facet normal -0.796155 -0.547029 -0.258642
    outer loop
      vertex -49.9431 -30.8 8.51234
      vertex -47.1728 -35 8.86779
      vertex -47.3862 -35 9.52468
    endloop
  endfacet
  facet normal 0.308158 -0.547023 -0.778334
    outer loop
      vertex -53.6709 -30.8 9.98827
      vertex -53.3498 -30.8 10.1154
      vertex -54.8418 -35 12.4765
    endloop
  endfacet
  facet normal 0.644995 -0.547022 -0.533618
    outer loop
      vertex -56.9496 -35 10.7328
      vertex -54.5047 -30.8 9.3825
      vertex -56.5093 -35 11.265
    endloop
  endfacet
  facet normal 0.645042 -0.547029 -0.533555
    outer loop
      vertex -54.5047 -30.8 9.3825
      vertex -56.9496 -35 10.7328
      vertex -54.7248 -30.8 9.11641
    endloop
  endfacet
  facet normal -0.83546 -0.547028 0.0525996
    outer loop
      vertex -47.0434 -35 6.81067
      vertex -49.75 -30.8 7.5
      vertex -49.7717 -30.8 7.15533
    endloop
  endfacet
  facet normal -0.308178 -0.54703 0.778322
    outer loop
      vertex -50.1582 -35 2.52345
      vertex -51.3291 -30.8 5.01173
      vertex -51.6502 -30.8 4.88459
    endloop
  endfacet
  facet normal -0.573041 -0.547023 0.610237
    outer loop
      vertex -48.9942 -35 3.26218
      vertex -48.4907 -35 3.73499
      vertex -50.4953 -30.8 5.6175
    endloop
  endfacet
  facet normal 0.822292 -0.547027 0.156833
    outer loop
      vertex -57.8272 -35 6.13221
      vertex -55.2283 -30.8 7.15533
      vertex -57.9566 -35 6.81067
    endloop
  endfacet
  facet normal 0.822292 -0.547027 0.156833
    outer loop
      vertex -55.1636 -30.8 6.8161
      vertex -55.2283 -30.8 7.15533
      vertex -57.8272 -35 6.13221
    endloop
  endfacet
  facet normal 0.75739 -0.547027 0.356542
    outer loop
      vertex -57.6138 -35 5.47532
      vertex -54.9098 -30.8 6.17518
      vertex -55.0569 -30.8 6.48766
    endloop
  endfacet
  facet normal 0.757431 -0.547036 0.35644
    outer loop
      vertex -54.9098 -30.8 6.17518
      vertex -57.6138 -35 5.47532
      vertex -57.3197 -35 4.85036
    endloop
  endfacet
  facet normal 0 -0.54703 0.837113
    outer loop
      vertex -52.6727 -30.8 4.75543
      vertex -52.1547 -35 2.01085
      vertex -52.3273 -30.8 4.75543
    endloop
  endfacet
  facet normal 0 -0.54703 0.837113
    outer loop
      vertex -52.1547 -35 2.01085
      vertex -52.6727 -30.8 4.75543
      vertex -52.8453 -35 2.01085
    endloop
  endfacet
  facet normal 0.492034 -0.547027 0.677247
    outer loop
      vertex -53.9735 -30.8 5.1781
      vertex -54.2529 -30.8 5.38109
      vertex -56.0058 -35 3.26218
    endloop
  endfacet
  facet normal -0.49205 -0.547026 -0.677236
    outer loop
      vertex -48.9942 -35 11.7378
      vertex -49.553 -35 12.1438
      vertex -51.0265 -30.8 9.8219
    endloop
  endfacet
  facet normal -0.572985 -0.547027 -0.610286
    outer loop
      vertex -50.4953 -30.8 9.3825
      vertex -48.9942 -35 11.7378
      vertex -50.7471 -30.8 9.61891
    endloop
  endfacet
  facet normal 0.492035 -0.547025 -0.677248
    outer loop
      vertex -54.2529 -30.8 9.61891
      vertex -53.9735 -30.8 9.8219
      vertex -56.0058 -35 11.7378
    endloop
  endfacet
  facet normal 0.104966 -0.547016 -0.830515
    outer loop
      vertex -52.8453 -35 12.9891
      vertex -53.0153 -30.8 10.2013
      vertex -52.6727 -30.8 10.2446
    endloop
  endfacet
  facet normal 0.104831 -0.547028 -0.830525
    outer loop
      vertex -53.0153 -30.8 10.2013
      vertex -52.8453 -35 12.9891
      vertex -53.5306 -35 12.9026
    endloop
  endfacet
  facet normal 0.573035 -0.547022 -0.610244
    outer loop
      vertex -54.5047 -30.8 9.3825
      vertex -56.0058 -35 11.7378
      vertex -56.5093 -35 11.265
    endloop
  endfacet
  facet normal 0.49205 -0.547026 -0.677236
    outer loop
      vertex -53.9735 -30.8 9.8219
      vertex -55.447 -35 12.1438
      vertex -56.0058 -35 11.7378
    endloop
  endfacet
  facet normal 0.403273 -0.547027 -0.733576
    outer loop
      vertex -53.9735 -30.8 9.8219
      vertex -54.8418 -35 12.4765
      vertex -55.447 -35 12.1438
    endloop
  endfacet
  facet normal 0.757424 -0.547034 -0.356459
    outer loop
      vertex -57.6138 -35 9.52468
      vertex -54.9098 -30.8 8.82482
      vertex -57.3197 -35 10.1496
    endloop
  endfacet
  facet normal 0.75739 -0.547027 -0.356542
    outer loop
      vertex -54.9098 -30.8 8.82482
      vertex -57.6138 -35 9.52468
      vertex -55.0569 -30.8 8.51234
    endloop
  endfacet
  facet normal 0.83546 -0.547028 0.0525996
    outer loop
      vertex -55.2283 -30.8 7.15533
      vertex -55.25 -30.8 7.5
      vertex -57.9566 -35 6.81067
    endloop
  endfacet
  facet normal 0.822292 -0.547027 -0.156833
    outer loop
      vertex -55.2283 -30.8 7.84467
      vertex -55.1636 -30.8 8.1839
      vertex -57.8272 -35 8.86779
    endloop
  endfacet
  facet normal 0.83546 -0.547028 0.0526003
    outer loop
      vertex -57.9566 -35 6.81067
      vertex -55.25 -30.8 7.5
      vertex -58 -35 7.5
    endloop
  endfacet
  facet normal -0.822292 -0.547027 0.156833
    outer loop
      vertex -47.1728 -35 6.13221
      vertex -49.7717 -30.8 7.15533
      vertex -49.8364 -30.8 6.8161
    endloop
  endfacet
  facet normal -0.706847 -0.547038 0.448461
    outer loop
      vertex -47.6803 -35 4.85036
      vertex -50.0902 -30.8 6.17518
      vertex -50.2752 -30.8 5.88359
    endloop
  endfacet
  facet normal -0.208182 -0.547028 0.810815
    outer loop
      vertex -51.4694 -35 2.09742
      vertex -50.8004 -35 2.26919
      vertex -51.6502 -30.8 4.88459
    endloop
  endfacet
  facet normal -0.308157 -0.547028 0.778331
    outer loop
      vertex -50.8004 -35 2.26919
      vertex -50.1582 -35 2.52345
      vertex -51.6502 -30.8 4.88459
    endloop
  endfacet
  facet normal -0.20817 -0.547029 0.810817
    outer loop
      vertex -51.4694 -35 2.09742
      vertex -51.6502 -30.8 4.88459
      vertex -51.9847 -30.8 4.79871
    endloop
  endfacet
  facet normal -0.403309 -0.547029 0.733554
    outer loop
      vertex -50.1582 -35 2.52345
      vertex -51.0265 -30.8 5.1781
      vertex -51.3291 -30.8 5.01173
    endloop
  endfacet
  facet normal -0.492034 -0.547027 0.677247
    outer loop
      vertex -49.553 -35 2.8562
      vertex -48.9942 -35 3.26218
      vertex -51.0265 -30.8 5.1781
    endloop
  endfacet
  facet normal -0.572984 -0.547029 0.610285
    outer loop
      vertex -48.9942 -35 3.26218
      vertex -50.4953 -30.8 5.6175
      vertex -50.7471 -30.8 5.38109
    endloop
  endfacet
  facet normal -0.492034 -0.547027 0.677247
    outer loop
      vertex -48.9942 -35 3.26218
      vertex -50.7471 -30.8 5.38109
      vertex -51.0265 -30.8 5.1781
    endloop
  endfacet
  facet normal 0.796154 -0.547029 0.258646
    outer loop
      vertex -57.8272 -35 6.13221
      vertex -55.0569 -30.8 6.48766
      vertex -55.1636 -30.8 6.8161
    endloop
  endfacet
  facet normal 0.796155 -0.547029 0.258642
    outer loop
      vertex -55.0569 -30.8 6.48766
      vertex -57.8272 -35 6.13221
      vertex -57.6138 -35 5.47532
    endloop
  endfacet
  facet normal 0.645041 -0.547031 0.533554
    outer loop
      vertex -56.9496 -35 4.26718
      vertex -54.5047 -30.8 5.6175
      vertex -54.7248 -30.8 5.88359
    endloop
  endfacet
  facet normal 0.64499 -0.547023 0.533623
    outer loop
      vertex -54.5047 -30.8 5.6175
      vertex -56.9496 -35 4.26718
      vertex -56.5093 -35 3.73499
    endloop
  endfacet
  facet normal 0.706797 -0.547029 0.44855
    outer loop
      vertex -56.9496 -35 4.26718
      vertex -54.7248 -30.8 5.88359
      vertex -57.3197 -35 4.85036
    endloop
  endfacet
  facet normal 0.208182 -0.547028 0.810815
    outer loop
      vertex -53.5306 -35 2.09742
      vertex -53.3498 -30.8 4.88459
      vertex -54.1996 -35 2.26919
    endloop
  endfacet
  facet normal 0.20817 -0.547029 0.810817
    outer loop
      vertex -53.0153 -30.8 4.79871
      vertex -53.3498 -30.8 4.88459
      vertex -53.5306 -35 2.09742
    endloop
  endfacet
  facet normal 0.403309 -0.547029 0.733554
    outer loop
      vertex -53.6709 -30.8 5.01173
      vertex -53.9735 -30.8 5.1781
      vertex -54.8418 -35 2.52345
    endloop
  endfacet
  facet normal -0.403273 -0.547027 -0.733576
    outer loop
      vertex -49.553 -35 12.1438
      vertex -50.1582 -35 12.4765
      vertex -51.0265 -30.8 9.8219
    endloop
  endfacet
  facet normal -0.308199 -0.547027 -0.778315
    outer loop
      vertex -50.1582 -35 12.4765
      vertex -50.8004 -35 12.7308
      vertex -51.6502 -30.8 10.1154
    endloop
  endfacet
  facet normal -0.104831 -0.547028 -0.830525
    outer loop
      vertex -52.1547 -35 12.9891
      vertex -51.9847 -30.8 10.2013
      vertex -51.4694 -35 12.9026
    endloop
  endfacet
  facet normal -0.104966 -0.547016 -0.830515
    outer loop
      vertex -51.9847 -30.8 10.2013
      vertex -52.1547 -35 12.9891
      vertex -52.3273 -30.8 10.2446
    endloop
  endfacet
  facet normal 0 -0.547018 -0.837121
    outer loop
      vertex -52.1547 -35 12.9891
      vertex -52.6727 -30.8 10.2446
      vertex -52.3273 -30.8 10.2446
    endloop
  endfacet
  facet normal 0 -0.547018 -0.837121
    outer loop
      vertex -52.6727 -30.8 10.2446
      vertex -52.1547 -35 12.9891
      vertex -52.8453 -35 12.9891
    endloop
  endfacet
  facet normal -0.822292 -0.547027 -0.156833
    outer loop
      vertex -47.0434 -35 8.18933
      vertex -47.1728 -35 8.86779
      vertex -49.7717 -30.8 7.84467
    endloop
  endfacet
  facet normal -0.822292 -0.547027 -0.156833
    outer loop
      vertex -49.7717 -30.8 7.84467
      vertex -47.1728 -35 8.86779
      vertex -49.8364 -30.8 8.1839
    endloop
  endfacet
  facet normal -0.75739 -0.547027 -0.356542
    outer loop
      vertex -47.3862 -35 9.52468
      vertex -50.0902 -30.8 8.82482
      vertex -49.9431 -30.8 8.51234
    endloop
  endfacet
  facet normal -0.757424 -0.547034 -0.356459
    outer loop
      vertex -50.0902 -30.8 8.82482
      vertex -47.3862 -35 9.52468
      vertex -47.6803 -35 10.1496
    endloop
  endfacet
  facet normal -0.573035 -0.547022 -0.610244
    outer loop
      vertex -48.4907 -35 11.265
      vertex -48.9942 -35 11.7378
      vertex -50.4953 -30.8 9.3825
    endloop
  endfacet
  facet normal 0.208216 -0.547029 -0.810805
    outer loop
      vertex -53.3498 -30.8 10.1154
      vertex -53.5306 -35 12.9026
      vertex -54.1996 -35 12.7308
    endloop
  endfacet
  facet normal 0.308199 -0.547027 -0.778315
    outer loop
      vertex -53.3498 -30.8 10.1154
      vertex -54.1996 -35 12.7308
      vertex -54.8418 -35 12.4765
    endloop
  endfacet
  facet normal 0.403311 -0.547023 -0.733557
    outer loop
      vertex -53.9735 -30.8 9.8219
      vertex -53.6709 -30.8 9.98827
      vertex -54.8418 -35 12.4765
    endloop
  endfacet
  facet normal 0.572985 -0.547027 -0.610286
    outer loop
      vertex -54.5047 -30.8 9.3825
      vertex -54.2529 -30.8 9.61891
      vertex -56.0058 -35 11.7378
    endloop
  endfacet
  facet normal 0.706805 -0.547027 -0.44854
    outer loop
      vertex -54.7248 -30.8 9.11641
      vertex -56.9496 -35 10.7328
      vertex -57.3197 -35 10.1496
    endloop
  endfacet
  facet normal 0.822292 -0.547027 -0.156833
    outer loop
      vertex -55.2283 -30.8 7.84467
      vertex -57.8272 -35 8.86779
      vertex -57.9566 -35 8.18933
    endloop
  endfacet
  facet normal 0.83546 -0.547028 -0.0526003
    outer loop
      vertex -55.25 -30.8 7.5
      vertex -57.9566 -35 8.18933
      vertex -58 -35 7.5
    endloop
  endfacet
  facet normal 0.83546 -0.547028 -0.0525996
    outer loop
      vertex -55.25 -30.8 7.5
      vertex -55.2283 -30.8 7.84467
      vertex -57.9566 -35 8.18933
    endloop
  endfacet
  facet normal 0.104917 -0.547028 0.830513
    outer loop
      vertex -53.0153 -30.8 4.79871
      vertex -52.8453 -35 2.01085
      vertex -52.6727 -30.8 4.75543
    endloop
  endfacet
  facet normal 0.104914 -0.547029 0.830514
    outer loop
      vertex -52.8453 -35 2.01085
      vertex -53.0153 -30.8 4.79871
      vertex -53.5306 -35 2.09742
    endloop
  endfacet
  facet normal 0.492034 -0.547027 0.677247
    outer loop
      vertex -55.447 -35 2.8562
      vertex -53.9735 -30.8 5.1781
      vertex -56.0058 -35 3.26218
    endloop
  endfacet
  facet normal 0.403319 -0.547028 0.733549
    outer loop
      vertex -54.8418 -35 2.52345
      vertex -53.9735 -30.8 5.1781
      vertex -55.447 -35 2.8562
    endloop
  endfacet
  facet normal 0.308178 -0.54703 0.778322
    outer loop
      vertex -53.3498 -30.8 4.88459
      vertex -53.6709 -30.8 5.01173
      vertex -54.8418 -35 2.52345
    endloop
  endfacet
  facet normal -0.403311 -0.547023 -0.733557
    outer loop
      vertex -51.0265 -30.8 9.8219
      vertex -50.1582 -35 12.4765
      vertex -51.3291 -30.8 9.98827
    endloop
  endfacet
  facet normal -0.208216 -0.547029 -0.810805
    outer loop
      vertex -50.8004 -35 12.7308
      vertex -51.4694 -35 12.9026
      vertex -51.6502 -30.8 10.1154
    endloop
  endfacet
  facet normal -0.208216 -0.547029 -0.810805
    outer loop
      vertex -51.6502 -30.8 10.1154
      vertex -51.4694 -35 12.9026
      vertex -51.9847 -30.8 10.2013
    endloop
  endfacet
  facet normal 0.706848 -0.547035 -0.448462
    outer loop
      vertex -54.9098 -30.8 8.82482
      vertex -54.7248 -30.8 9.11641
      vertex -57.3197 -35 10.1496
    endloop
  endfacet
  facet normal 0.796155 -0.547029 -0.258642
    outer loop
      vertex -57.8272 -35 8.86779
      vertex -55.0569 -30.8 8.51234
      vertex -57.6138 -35 9.52468
    endloop
  endfacet
  facet normal 0.796154 -0.547029 -0.258646
    outer loop
      vertex -55.0569 -30.8 8.51234
      vertex -57.8272 -35 8.86779
      vertex -55.1636 -30.8 8.1839
    endloop
  endfacet
  facet normal 0.572984 -0.547029 0.610285
    outer loop
      vertex -54.2529 -30.8 5.38109
      vertex -54.5047 -30.8 5.6175
      vertex -56.0058 -35 3.26218
    endloop
  endfacet
  facet normal 0.573041 -0.547023 0.610237
    outer loop
      vertex -56.0058 -35 3.26218
      vertex -54.5047 -30.8 5.6175
      vertex -56.5093 -35 3.73499
    endloop
  endfacet
  facet normal -0.308158 -0.547023 -0.778334
    outer loop
      vertex -51.3291 -30.8 9.98827
      vertex -50.1582 -35 12.4765
      vertex -51.6502 -30.8 10.1154
    endloop
  endfacet
  facet normal -0.645042 -0.547029 -0.533555
    outer loop
      vertex -48.0504 -35 10.7328
      vertex -50.4953 -30.8 9.3825
      vertex -50.2752 -30.8 9.11641
    endloop
  endfacet
  facet normal -0.644995 -0.547022 -0.533618
    outer loop
      vertex -50.4953 -30.8 9.3825
      vertex -48.0504 -35 10.7328
      vertex -48.4907 -35 11.265
    endloop
  endfacet
  facet normal -0.706805 -0.547027 -0.44854
    outer loop
      vertex -47.6803 -35 10.1496
      vertex -48.0504 -35 10.7328
      vertex -50.2752 -30.8 9.11641
    endloop
  endfacet
  facet normal -0.706848 -0.547035 -0.448462
    outer loop
      vertex -50.0902 -30.8 8.82482
      vertex -47.6803 -35 10.1496
      vertex -50.2752 -30.8 9.11641
    endloop
  endfacet
  facet normal -0.904808 0 -0.425821
    outer loop
      vertex -47.3862 -51.9901 9.52468
      vertex -47.6803 -35 10.1496
      vertex -47.3862 -35 9.52468
    endloop
  endfacet
  facet normal -0.904808 -0 -0.425821
    outer loop
      vertex -47.6803 -35 10.1496
      vertex -47.3862 -51.9901 9.52468
      vertex -47.6803 -51.9901 10.1496
    endloop
  endfacet
  facet normal -0.844334 0 -0.535817
    outer loop
      vertex -47.6803 -51.9901 10.1496
      vertex -48.0504 -35 10.7328
      vertex -47.6803 -35 10.1496
    endloop
  endfacet
  facet normal -0.844334 -0 -0.535817
    outer loop
      vertex -48.0504 -35 10.7328
      vertex -47.6803 -51.9901 10.1496
      vertex -48.0504 -51.9901 10.7328
    endloop
  endfacet
  facet normal -0.368168 0 -0.929759
    outer loop
      vertex -50.8004 -51.9901 12.7308
      vertex -50.1582 -35 12.4765
      vertex -50.1582 -51.9901 12.4765
    endloop
  endfacet
  facet normal -0.368168 0 -0.929759
    outer loop
      vertex -50.1582 -35 12.4765
      vertex -50.8004 -51.9901 12.7308
      vertex -50.8004 -35 12.7308
    endloop
  endfacet
  facet normal 0.367929 -0.0254507 -0.929505
    outer loop
      vertex -54.8418 -51.9866 12.4765
      vertex -54.1996 -51.9901 12.7308
      vertex -54.814 -51.9901 12.4876
    endloop
  endfacet
  facet normal 0.368168 0 -0.929759
    outer loop
      vertex -54.1996 -51.9901 12.7308
      vertex -54.8418 -51.9866 12.4765
      vertex -54.1996 -35 12.7308
    endloop
  endfacet
  facet normal 0.368168 0 -0.929759
    outer loop
      vertex -54.1996 -35 12.7308
      vertex -54.8418 -51.9866 12.4765
      vertex -54.8418 -35 12.4765
    endloop
  endfacet
  facet normal 0.904808 0 -0.425821
    outer loop
      vertex -57.3197 -35 10.1496
      vertex -57.6138 -50.9059 9.52468
      vertex -57.6138 -35 9.52468
    endloop
  endfacet
  facet normal 0.904808 0 -0.425821
    outer loop
      vertex -57.6138 -50.9059 9.52468
      vertex -57.3197 -35 10.1496
      vertex -57.3197 -51.1195 10.1496
    endloop
  endfacet
  facet normal -0.998024 0 0.0628353
    outer loop
      vertex -47.0434 -51.9901 6.81067
      vertex -47 -35 7.5
      vertex -47.0434 -35 6.81067
    endloop
  endfacet
  facet normal -0.998024 0 0.0628353
    outer loop
      vertex -47 -35 7.5
      vertex -47.0434 -51.9901 6.81067
      vertex -47 -51.9901 7.5
    endloop
  endfacet
  facet normal -0.368118 0 0.929779
    outer loop
      vertex -50.8004 -35 2.26919
      vertex -50.1582 -51.9901 2.52345
      vertex -50.1582 -35 2.52345
    endloop
  endfacet
  facet normal -0.368118 0 0.929779
    outer loop
      vertex -50.1582 -51.9901 2.52345
      vertex -50.8004 -35 2.26919
      vertex -50.8004 -51.9901 2.26919
    endloop
  endfacet
  facet normal -0.684533 0 -0.728982
    outer loop
      vertex -48.9942 -51.9901 11.7378
      vertex -48.4907 -35 11.265
      vertex -48.4907 -51.9901 11.265
    endloop
  endfacet
  facet normal -0.684533 0 -0.728982
    outer loop
      vertex -48.4907 -35 11.265
      vertex -48.9942 -51.9901 11.7378
      vertex -48.9942 -35 11.7378
    endloop
  endfacet
  facet normal -0.125228 0 -0.992128
    outer loop
      vertex -52.1547 -51.9901 12.9891
      vertex -51.4694 -35 12.9026
      vertex -51.4694 -51.9901 12.9026
    endloop
  endfacet
  facet normal -0.125228 0 -0.992128
    outer loop
      vertex -51.4694 -35 12.9026
      vertex -52.1547 -51.9901 12.9891
      vertex -52.1547 -35 12.9891
    endloop
  endfacet
  facet normal 0.998024 0 -0.0628353
    outer loop
      vertex -57.9566 -35 8.18933
      vertex -58 -50.5588 7.5
      vertex -58 -35 7.5
    endloop
  endfacet
  facet normal 0.998024 0 -0.0628353
    outer loop
      vertex -58 -50.5588 7.5
      vertex -57.9566 -35 8.18933
      vertex -57.9566 -50.5995 8.18933
    endloop
  endfacet
  facet normal 0.982293 0 -0.187349
    outer loop
      vertex -57.8272 -35 8.86779
      vertex -57.9566 -50.5995 8.18933
      vertex -57.9566 -35 8.18933
    endloop
  endfacet
  facet normal 0.982293 0 -0.187349
    outer loop
      vertex -57.9566 -50.5995 8.18933
      vertex -57.8272 -35 8.86779
      vertex -57.8272 -50.721 8.86779
    endloop
  endfacet
  facet normal 0.770495 0 -0.637446
    outer loop
      vertex -56.5093 -35 11.265
      vertex -56.9496 -51.3478 10.7328
      vertex -56.9496 -35 10.7328
    endloop
  endfacet
  facet normal 0.770495 0 -0.637446
    outer loop
      vertex -56.5093 -51.5715 11.265
      vertex -56.9496 -51.3478 10.7328
      vertex -56.5093 -35 11.265
    endloop
  endfacet
  facet normal 0.769869 -0.00301186 -0.638195
    outer loop
      vertex -56.9496 -51.3478 10.7328
      vertex -56.5093 -51.5715 11.265
      vertex -56.6289 -51.5241 11.1205
    endloop
  endfacet
  facet normal 0.125228 0 -0.992128
    outer loop
      vertex -53.5306 -51.9901 12.9026
      vertex -52.8453 -35 12.9891
      vertex -52.8453 -51.9901 12.9891
    endloop
  endfacet
  facet normal 0.125228 0 -0.992128
    outer loop
      vertex -52.8453 -35 12.9891
      vertex -53.5306 -51.9901 12.9026
      vertex -53.5306 -35 12.9026
    endloop
  endfacet
  facet normal 0.681363 -0.0150808 -0.73179
    outer loop
      vertex -56.5093 -51.5715 11.265
      vertex -56.0058 -51.7654 11.7378
      vertex -56.0451 -51.7553 11.701
    endloop
  endfacet
  facet normal 0.684533 0 -0.728982
    outer loop
      vertex -56.0058 -51.7654 11.7378
      vertex -56.5093 -51.5715 11.265
      vertex -56.0058 -35 11.7378
    endloop
  endfacet
  facet normal 0.684533 0 -0.728982
    outer loop
      vertex -56.0058 -35 11.7378
      vertex -56.5093 -51.5715 11.265
      vertex -56.5093 -35 11.265
    endloop
  endfacet
  facet normal -0.24869 0 0.968583
    outer loop
      vertex -51.4694 -35 2.09742
      vertex -50.8004 -51.9901 2.26919
      vertex -50.8004 -35 2.26919
    endloop
  endfacet
  facet normal -0.24869 0 0.968583
    outer loop
      vertex -50.8004 -51.9901 2.26919
      vertex -51.4694 -35 2.09742
      vertex -51.4694 -51.9901 2.09742
    endloop
  endfacet
  facet normal -0.951072 0 -0.308969
    outer loop
      vertex -47.1728 -51.9901 8.86779
      vertex -47.3862 -35 9.52468
      vertex -47.1728 -35 8.86779
    endloop
  endfacet
  facet normal -0.951072 -0 -0.308969
    outer loop
      vertex -47.3862 -35 9.52468
      vertex -47.1728 -51.9901 8.86779
      vertex -47.3862 -51.9901 9.52468
    endloop
  endfacet
  facet normal -0.770495 0 -0.637446
    outer loop
      vertex -48.0504 -51.9901 10.7328
      vertex -48.4907 -35 11.265
      vertex -48.0504 -35 10.7328
    endloop
  endfacet
  facet normal -0.770495 -0 -0.637446
    outer loop
      vertex -48.4907 -35 11.265
      vertex -48.0504 -51.9901 10.7328
      vertex -48.4907 -51.9901 11.265
    endloop
  endfacet
  facet normal 0 0 -1
    outer loop
      vertex -52.8453 -51.9901 12.9891
      vertex -52.1547 -35 12.9891
      vertex -52.1547 -51.9901 12.9891
    endloop
  endfacet
  facet normal -0 0 -1
    outer loop
      vertex -52.1547 -35 12.9891
      vertex -52.8453 -51.9901 12.9891
      vertex -52.8453 -35 12.9891
    endloop
  endfacet
  facet normal -0.248731 0 -0.968573
    outer loop
      vertex -51.4694 -51.9901 12.9026
      vertex -50.8004 -35 12.7308
      vertex -50.8004 -51.9901 12.7308
    endloop
  endfacet
  facet normal -0.248731 0 -0.968573
    outer loop
      vertex -50.8004 -35 12.7308
      vertex -51.4694 -51.9901 12.9026
      vertex -51.4694 -35 12.9026
    endloop
  endfacet
  facet normal -0.587793 0 -0.809011
    outer loop
      vertex -49.553 -51.9901 12.1438
      vertex -48.9942 -35 11.7378
      vertex -48.9942 -51.9901 11.7378
    endloop
  endfacet
  facet normal -0.587793 0 -0.809011
    outer loop
      vertex -48.9942 -35 11.7378
      vertex -49.553 -51.9901 12.1438
      vertex -49.553 -35 12.1438
    endloop
  endfacet
  facet normal -0.481741 0 -0.876314
    outer loop
      vertex -50.1582 -51.9901 12.4765
      vertex -49.553 -35 12.1438
      vertex -49.553 -51.9901 12.1438
    endloop
  endfacet
  facet normal -0.481741 0 -0.876314
    outer loop
      vertex -49.553 -35 12.1438
      vertex -50.1582 -51.9901 12.4765
      vertex -50.1582 -35 12.4765
    endloop
  endfacet
  facet normal 0.951072 0 -0.308969
    outer loop
      vertex -57.6138 -35 9.52468
      vertex -57.8272 -50.721 8.86779
      vertex -57.8272 -35 8.86779
    endloop
  endfacet
  facet normal 0.951072 0 -0.308969
    outer loop
      vertex -57.6138 -50.9059 9.52468
      vertex -57.8272 -50.721 8.86779
      vertex -57.6138 -35 9.52468
    endloop
  endfacet
  facet normal 0.951334 0.00323551 -0.308144
    outer loop
      vertex -57.8272 -50.721 8.86779
      vertex -57.6138 -50.9059 9.52468
      vertex -57.6871 -50.8526 9.29894
    endloop
  endfacet
  facet normal 0.844334 0 -0.535817
    outer loop
      vertex -56.9496 -35 10.7328
      vertex -57.3197 -51.1195 10.1496
      vertex -57.3197 -35 10.1496
    endloop
  endfacet
  facet normal 0.844334 0 -0.535817
    outer loop
      vertex -56.9496 -51.3478 10.7328
      vertex -57.3197 -51.1195 10.1496
      vertex -56.9496 -35 10.7328
    endloop
  endfacet
  facet normal 0.844679 0.00195448 -0.53527
    outer loop
      vertex -57.3197 -51.1195 10.1496
      vertex -56.9496 -51.3478 10.7328
      vertex -57.1791 -51.2216 10.3711
    endloop
  endfacet
  facet normal 0.248731 0 -0.968573
    outer loop
      vertex -54.1996 -51.9901 12.7308
      vertex -53.5306 -35 12.9026
      vertex -53.5306 -51.9901 12.9026
    endloop
  endfacet
  facet normal 0.248731 0 -0.968573
    outer loop
      vertex -53.5306 -35 12.9026
      vertex -54.1996 -51.9901 12.7308
      vertex -54.1996 -35 12.7308
    endloop
  endfacet
  facet normal 0.478316 -0.032141 -0.877599
    outer loop
      vertex -55.447 -51.9088 12.1438
      vertex -54.8418 -51.9866 12.4765
      vertex -55.4369 -51.9114 12.1494
    endloop
  endfacet
  facet normal 0.481741 0 -0.876314
    outer loop
      vertex -54.8418 -51.9866 12.4765
      vertex -55.447 -51.9088 12.1438
      vertex -54.8418 -35 12.4765
    endloop
  endfacet
  facet normal 0.481741 0 -0.876314
    outer loop
      vertex -54.8418 -35 12.4765
      vertex -55.447 -51.9088 12.1438
      vertex -55.447 -35 12.1438
    endloop
  endfacet
  facet normal 0.587793 0 -0.809011
    outer loop
      vertex -56.0058 -51.7654 11.7378
      vertex -55.447 -35 12.1438
      vertex -55.447 -51.9088 12.1438
    endloop
  endfacet
  facet normal 0.587793 0 -0.809011
    outer loop
      vertex -55.447 -35 12.1438
      vertex -56.0058 -51.7654 11.7378
      vertex -56.0058 -35 11.7378
    endloop
  endfacet
  facet normal -0.998024 0 -0.0628353
    outer loop
      vertex -47 -51.9901 7.5
      vertex -47.0434 -35 8.18933
      vertex -47 -35 7.5
    endloop
  endfacet
  facet normal -0.998024 -0 -0.0628353
    outer loop
      vertex -47.0434 -35 8.18933
      vertex -47 -51.9901 7.5
      vertex -47.0434 -51.9901 8.18933
    endloop
  endfacet
  facet normal -0.770489 0 0.637453
    outer loop
      vertex -48.4907 -51.9901 3.73499
      vertex -48.0504 -35 4.26718
      vertex -48.4907 -35 3.73499
    endloop
  endfacet
  facet normal -0.770489 0 0.637453
    outer loop
      vertex -48.0504 -35 4.26718
      vertex -48.4907 -51.9901 3.73499
      vertex -48.0504 -51.9901 4.26718
    endloop
  endfacet
  facet normal 0.998024 -0 0.0628353
    outer loop
      vertex -58 -50.5588 7.5
      vertex -57.9566 -35 6.81067
      vertex -58 -35 7.5
    endloop
  endfacet
  facet normal 0.998024 0 0.0628353
    outer loop
      vertex -57.9566 -35 6.81067
      vertex -58 -50.5588 7.5
      vertex -57.9566 -50.5995 6.81067
    endloop
  endfacet
  facet normal 0.982293 -0 0.187349
    outer loop
      vertex -57.9566 -50.5995 6.81067
      vertex -57.8272 -35 6.13221
      vertex -57.9566 -35 6.81067
    endloop
  endfacet
  facet normal 0.982293 0 0.187349
    outer loop
      vertex -57.8272 -35 6.13221
      vertex -57.9566 -50.5995 6.81067
      vertex -57.8272 -50.721 6.13221
    endloop
  endfacet
  facet normal -0.125328 0 0.992115
    outer loop
      vertex -52.1547 -35 2.01085
      vertex -51.4694 -51.9901 2.09742
      vertex -51.4694 -35 2.09742
    endloop
  endfacet
  facet normal -0.125328 0 0.992115
    outer loop
      vertex -51.4694 -51.9901 2.09742
      vertex -52.1547 -35 2.01085
      vertex -52.1547 -51.9901 2.01085
    endloop
  endfacet
  facet normal -0.982293 0 -0.187349
    outer loop
      vertex -47.0434 -51.9901 8.18933
      vertex -47.1728 -35 8.86779
      vertex -47.0434 -35 8.18933
    endloop
  endfacet
  facet normal -0.982293 -0 -0.187349
    outer loop
      vertex -47.1728 -35 8.86779
      vertex -47.0434 -51.9901 8.18933
      vertex -47.1728 -51.9901 8.86779
    endloop
  endfacet
  facet normal -0.982293 0 0.187349
    outer loop
      vertex -47.1728 -51.9901 6.13221
      vertex -47.0434 -35 6.81067
      vertex -47.1728 -35 6.13221
    endloop
  endfacet
  facet normal -0.982293 0 0.187349
    outer loop
      vertex -47.0434 -35 6.81067
      vertex -47.1728 -51.9901 6.13221
      vertex -47.0434 -51.9901 6.81067
    endloop
  endfacet
  facet normal -0.951072 0 0.308969
    outer loop
      vertex -47.3862 -51.9901 5.47532
      vertex -47.1728 -35 6.13221
      vertex -47.3862 -35 5.47532
    endloop
  endfacet
  facet normal -0.951072 0 0.308969
    outer loop
      vertex -47.1728 -35 6.13221
      vertex -47.3862 -51.9901 5.47532
      vertex -47.1728 -51.9901 6.13221
    endloop
  endfacet
  facet normal -0.481796 0 0.876283
    outer loop
      vertex -50.1582 -35 2.52345
      vertex -49.553 -51.9901 2.8562
      vertex -49.553 -35 2.8562
    endloop
  endfacet
  facet normal -0.481796 0 0.876283
    outer loop
      vertex -49.553 -51.9901 2.8562
      vertex -50.1582 -35 2.52345
      vertex -50.1582 -51.9901 2.52345
    endloop
  endfacet
  facet normal -0.684541 0 0.728974
    outer loop
      vertex -48.9942 -35 3.26218
      vertex -48.4907 -51.9901 3.73499
      vertex -48.4907 -35 3.73499
    endloop
  endfacet
  facet normal -0.684541 0 0.728974
    outer loop
      vertex -48.4907 -51.9901 3.73499
      vertex -48.9942 -35 3.26218
      vertex -48.9942 -51.9901 3.26218
    endloop
  endfacet
  facet normal -0.844326 0 0.53583
    outer loop
      vertex -48.0504 -51.9901 4.26718
      vertex -47.6803 -35 4.85036
      vertex -48.0504 -35 4.26718
    endloop
  endfacet
  facet normal -0.844326 0 0.53583
    outer loop
      vertex -47.6803 -35 4.85036
      vertex -48.0504 -51.9901 4.26718
      vertex -47.6803 -51.9901 4.85036
    endloop
  endfacet
  facet normal -0.904818 0 0.425798
    outer loop
      vertex -47.6803 -51.9901 4.85036
      vertex -47.3862 -35 5.47532
      vertex -47.6803 -35 4.85036
    endloop
  endfacet
  facet normal -0.904818 0 0.425798
    outer loop
      vertex -47.3862 -35 5.47532
      vertex -47.6803 -51.9901 4.85036
      vertex -47.3862 -51.9901 5.47532
    endloop
  endfacet
  facet normal 0.368118 0 0.929779
    outer loop
      vertex -54.8418 -51.9866 2.52345
      vertex -54.1996 -51.9901 2.26919
      vertex -54.1996 -35 2.26919
    endloop
  endfacet
  facet normal 0.368118 -0 0.929779
    outer loop
      vertex -54.8418 -51.9866 2.52345
      vertex -54.1996 -35 2.26919
      vertex -54.8418 -35 2.52345
    endloop
  endfacet
  facet normal 0.368098 -0.00372534 0.929779
    outer loop
      vertex -54.1996 -51.9901 2.26919
      vertex -54.8418 -51.9866 2.52345
      vertex -54.814 -51.9901 2.51243
    endloop
  endfacet
  facet normal 0.125328 0 0.992115
    outer loop
      vertex -53.5306 -35 2.09742
      vertex -52.8453 -51.9901 2.01085
      vertex -52.8453 -35 2.01085
    endloop
  endfacet
  facet normal 0.125328 0 0.992115
    outer loop
      vertex -52.8453 -51.9901 2.01085
      vertex -53.5306 -35 2.09742
      vertex -53.5306 -51.9901 2.09742
    endloop
  endfacet
  facet normal 0.951072 -0 0.308969
    outer loop
      vertex -57.8272 -50.721 6.13221
      vertex -57.6138 -35 5.47532
      vertex -57.8272 -35 6.13221
    endloop
  endfacet
  facet normal 0.951334 0.00323551 0.308144
    outer loop
      vertex -57.6138 -50.9059 5.47532
      vertex -57.8272 -50.721 6.13221
      vertex -57.6871 -50.8526 5.70106
    endloop
  endfacet
  facet normal 0.951072 0 0.308969
    outer loop
      vertex -57.8272 -50.721 6.13221
      vertex -57.6138 -50.9059 5.47532
      vertex -57.6138 -35 5.47532
    endloop
  endfacet
  facet normal 0.770489 -0 0.637453
    outer loop
      vertex -56.9496 -51.3478 4.26718
      vertex -56.5093 -35 3.73499
      vertex -56.9496 -35 4.26718
    endloop
  endfacet
  facet normal 0.770288 -0.000971233 0.637695
    outer loop
      vertex -56.5093 -51.5715 3.73499
      vertex -56.9496 -51.3478 4.26718
      vertex -56.6289 -51.5241 3.87953
    endloop
  endfacet
  facet normal 0.770489 0 0.637453
    outer loop
      vertex -56.9496 -51.3478 4.26718
      vertex -56.5093 -51.5715 3.73499
      vertex -56.5093 -35 3.73499
    endloop
  endfacet
  facet normal -0.587774 0 0.809025
    outer loop
      vertex -49.553 -35 2.8562
      vertex -48.9942 -51.9901 3.26218
      vertex -48.9942 -35 3.26218
    endloop
  endfacet
  facet normal -0.587774 0 0.809025
    outer loop
      vertex -48.9942 -51.9901 3.26218
      vertex -49.553 -35 2.8562
      vertex -49.553 -51.9901 2.8562
    endloop
  endfacet
  facet normal 0.587774 -0 0.809025
    outer loop
      vertex -56.0058 -51.7654 3.26218
      vertex -55.447 -35 2.8562
      vertex -56.0058 -35 3.26218
    endloop
  endfacet
  facet normal 0.587774 0 0.809025
    outer loop
      vertex -55.447 -35 2.8562
      vertex -56.0058 -51.7654 3.26218
      vertex -55.447 -51.9088 2.8562
    endloop
  endfacet
  facet normal -0 0 1
    outer loop
      vertex -52.8453 -35 2.01085
      vertex -52.1547 -51.9901 2.01085
      vertex -52.1547 -35 2.01085
    endloop
  endfacet
  facet normal 0 0 1
    outer loop
      vertex -52.1547 -51.9901 2.01085
      vertex -52.8453 -35 2.01085
      vertex -52.8453 -51.9901 2.01085
    endloop
  endfacet
  facet normal 0.24869 0 0.968583
    outer loop
      vertex -54.1996 -35 2.26919
      vertex -53.5306 -51.9901 2.09742
      vertex -53.5306 -35 2.09742
    endloop
  endfacet
  facet normal 0.24869 0 0.968583
    outer loop
      vertex -53.5306 -51.9901 2.09742
      vertex -54.1996 -35 2.26919
      vertex -54.1996 -51.9901 2.26919
    endloop
  endfacet
  facet normal 0.684541 0 0.728974
    outer loop
      vertex -56.5093 -51.5715 3.73499
      vertex -56.0058 -51.7654 3.26218
      vertex -56.0058 -35 3.26218
    endloop
  endfacet
  facet normal 0.684541 -0 0.728974
    outer loop
      vertex -56.5093 -51.5715 3.73499
      vertex -56.0058 -35 3.26218
      vertex -56.5093 -35 3.73499
    endloop
  endfacet
  facet normal 0.683204 -0.00645908 0.730199
    outer loop
      vertex -56.0058 -51.7654 3.26218
      vertex -56.5093 -51.5715 3.73499
      vertex -56.0451 -51.7553 3.29904
    endloop
  endfacet
  facet normal 0.844326 -0 0.53583
    outer loop
      vertex -57.3197 -51.1195 4.85036
      vertex -56.9496 -35 4.26718
      vertex -57.3197 -35 4.85036
    endloop
  endfacet
  facet normal 0.844746 0.00238593 0.535162
    outer loop
      vertex -56.9496 -51.3478 4.26718
      vertex -57.3197 -51.1195 4.85036
      vertex -57.1791 -51.2216 4.62888
    endloop
  endfacet
  facet normal 0.844326 0 0.53583
    outer loop
      vertex -57.3197 -51.1195 4.85036
      vertex -56.9496 -51.3478 4.26718
      vertex -56.9496 -35 4.26718
    endloop
  endfacet
  facet normal 0.904818 -0 0.425798
    outer loop
      vertex -57.6138 -50.9059 5.47532
      vertex -57.3197 -35 4.85036
      vertex -57.6138 -35 5.47532
    endloop
  endfacet
  facet normal 0.904818 0 0.425798
    outer loop
      vertex -57.3197 -35 4.85036
      vertex -57.6138 -50.9059 5.47532
      vertex -57.3197 -51.1195 4.85036
    endloop
  endfacet
  facet normal 0.481796 0 0.876283
    outer loop
      vertex -55.447 -51.9088 2.8562
      vertex -54.8418 -51.9866 2.52345
      vertex -54.8418 -35 2.52345
    endloop
  endfacet
  facet normal 0.481796 -0 0.876283
    outer loop
      vertex -55.447 -51.9088 2.8562
      vertex -54.8418 -35 2.52345
      vertex -55.447 -35 2.8562
    endloop
  endfacet
  facet normal 0.479932 -0.0180838 0.87712
    outer loop
      vertex -54.8418 -51.9866 2.52345
      vertex -55.447 -51.9088 2.8562
      vertex -55.4369 -51.9114 2.85062
    endloop
  endfacet
  facet normal -0.998024 0 -0.0628344
    outer loop
      vertex -49.75 -30.8 7.5
      vertex -49.7717 51.9901 7.84467
      vertex -49.75 51.9901 7.5
    endloop
  endfacet
  facet normal -0.998024 -0 -0.0628344
    outer loop
      vertex -49.7717 51.9901 7.84467
      vertex -49.75 -30.8 7.5
      vertex -49.7717 -30.8 7.84467
    endloop
  endfacet
  facet normal 0.998024 0 -0.0628344
    outer loop
      vertex -55.2283 -30.8 7.84467
      vertex -55.25 51.935 7.5
      vertex -55.2283 51.9378 7.84467
    endloop
  endfacet
  facet normal 0.998024 0 -0.0628344
    outer loop
      vertex -55.25 51.935 7.5
      vertex -55.2283 -30.8 7.84467
      vertex -55.25 -30.8 7.5
    endloop
  endfacet
  facet normal 0 0 -1
    outer loop
      vertex -52.6727 -30.8 10.2446
      vertex -52.3273 51.9901 10.2446
      vertex -52.3273 -30.8 10.2446
    endloop
  endfacet
  facet normal -0 0 -1
    outer loop
      vertex -52.3273 51.9901 10.2446
      vertex -52.6727 -30.8 10.2446
      vertex -52.6727 51.9901 10.2446
    endloop
  endfacet
  facet normal -0 0 1
    outer loop
      vertex -52.6727 51.9901 4.75543
      vertex -52.3273 -30.8 4.75543
      vertex -52.3273 51.9901 4.75543
    endloop
  endfacet
  facet normal 0 0 1
    outer loop
      vertex -52.3273 -30.8 4.75543
      vertex -52.6727 51.9901 4.75543
      vertex -52.6727 -30.8 4.75543
    endloop
  endfacet
  facet normal -0.684476 0 0.729035
    outer loop
      vertex -50.7471 51.9901 5.38109
      vertex -50.4953 -30.8 5.6175
      vertex -50.4953 51.9901 5.6175
    endloop
  endfacet
  facet normal -0.684476 0 0.729035
    outer loop
      vertex -50.4953 -30.8 5.6175
      vertex -50.7471 51.9901 5.38109
      vertex -50.7471 -30.8 5.38109
    endloop
  endfacet
  facet normal -0.684476 0 -0.729035
    outer loop
      vertex -50.7471 -30.8 9.61891
      vertex -50.4953 51.9901 9.3825
      vertex -50.4953 -30.8 9.3825
    endloop
  endfacet
  facet normal -0.684476 0 -0.729035
    outer loop
      vertex -50.4953 51.9901 9.3825
      vertex -50.7471 -30.8 9.61891
      vertex -50.7471 51.9901 9.61891
    endloop
  endfacet
  facet normal 0.684476 0 -0.729035
    outer loop
      vertex -54.5047 -30.8 9.3825
      vertex -54.2529 51.9901 9.61891
      vertex -54.2529 -30.8 9.61891
    endloop
  endfacet
  facet normal 0.684476 0 -0.729035
    outer loop
      vertex -54.2529 51.9901 9.61891
      vertex -54.5047 -30.8 9.3825
      vertex -54.5047 51.9901 9.3825
    endloop
  endfacet
  facet normal 0.368118 0 -0.929779
    outer loop
      vertex -53.6709 -30.8 9.98827
      vertex -53.3498 51.9901 10.1154
      vertex -53.3498 -30.8 10.1154
    endloop
  endfacet
  facet normal 0.368118 0 -0.929779
    outer loop
      vertex -53.3498 51.9901 10.1154
      vertex -53.6709 -30.8 9.98827
      vertex -53.6709 51.9901 9.98827
    endloop
  endfacet
  facet normal -0.904762 0 0.425917
    outer loop
      vertex -50.0902 -30.8 6.17518
      vertex -49.9431 51.9901 6.48766
      vertex -50.0902 51.9901 6.17518
    endloop
  endfacet
  facet normal -0.904762 0 0.425917
    outer loop
      vertex -49.9431 51.9901 6.48766
      vertex -50.0902 -30.8 6.17518
      vertex -49.9431 -30.8 6.48766
    endloop
  endfacet
  facet normal -0.904762 0 -0.425917
    outer loop
      vertex -49.9431 -30.8 8.51234
      vertex -50.0902 51.9901 8.82482
      vertex -49.9431 51.9901 8.51234
    endloop
  endfacet
  facet normal -0.904762 -0 -0.425917
    outer loop
      vertex -50.0902 51.9901 8.82482
      vertex -49.9431 -30.8 8.51234
      vertex -50.0902 -30.8 8.82482
    endloop
  endfacet
  facet normal -0.368118 0 -0.929779
    outer loop
      vertex -51.6502 -30.8 10.1154
      vertex -51.3291 51.9901 9.98827
      vertex -51.3291 -30.8 9.98827
    endloop
  endfacet
  facet normal -0.368118 0 -0.929779
    outer loop
      vertex -51.3291 51.9901 9.98827
      vertex -51.6502 -30.8 10.1154
      vertex -51.6502 51.9901 10.1154
    endloop
  endfacet
  facet normal -0.587774 0 -0.809025
    outer loop
      vertex -51.0265 -30.8 9.8219
      vertex -50.7471 51.9901 9.61891
      vertex -50.7471 -30.8 9.61891
    endloop
  endfacet
  facet normal -0.587774 0 -0.809025
    outer loop
      vertex -50.7471 51.9901 9.61891
      vertex -51.0265 -30.8 9.8219
      vertex -51.0265 51.9901 9.8219
    endloop
  endfacet
  facet normal 0.904762 0 -0.425917
    outer loop
      vertex -54.9098 -30.8 8.82482
      vertex -55.0569 51.9594 8.51234
      vertex -54.9098 51.978 8.82482
    endloop
  endfacet
  facet normal 0.904762 0 -0.425917
    outer loop
      vertex -55.0569 51.9594 8.51234
      vertex -54.9098 -30.8 8.82482
      vertex -55.0569 -30.8 8.51234
    endloop
  endfacet
  facet normal 0.770554 0 -0.637374
    outer loop
      vertex -54.5047 -30.8 9.3825
      vertex -54.7248 51.9901 9.11641
      vertex -54.5047 51.9901 9.3825
    endloop
  endfacet
  facet normal 0.770554 0 -0.637374
    outer loop
      vertex -54.7248 51.9901 9.11641
      vertex -54.5047 -30.8 9.3825
      vertex -54.7248 -30.8 9.11641
    endloop
  endfacet
  facet normal 0.481785 0 -0.876289
    outer loop
      vertex -53.9735 -30.8 9.8219
      vertex -53.6709 51.9901 9.98827
      vertex -53.6709 -30.8 9.98827
    endloop
  endfacet
  facet normal 0.481785 0 -0.876289
    outer loop
      vertex -53.6709 51.9901 9.98827
      vertex -53.9735 -30.8 9.8219
      vertex -53.9735 51.9901 9.8219
    endloop
  endfacet
  facet normal 0.248731 0 -0.968573
    outer loop
      vertex -53.3498 -30.8 10.1154
      vertex -53.0153 51.9901 10.2013
      vertex -53.0153 -30.8 10.2013
    endloop
  endfacet
  facet normal 0.248731 0 -0.968573
    outer loop
      vertex -53.0153 51.9901 10.2013
      vertex -53.3498 -30.8 10.1154
      vertex -53.3498 51.9901 10.1154
    endloop
  endfacet
  facet normal -0.125332 0 0.992115
    outer loop
      vertex -52.3273 51.9901 4.75543
      vertex -51.9847 -30.8 4.79871
      vertex -51.9847 51.9901 4.79871
    endloop
  endfacet
  facet normal -0.125332 0 0.992115
    outer loop
      vertex -51.9847 -30.8 4.79871
      vertex -52.3273 51.9901 4.75543
      vertex -52.3273 -30.8 4.75543
    endloop
  endfacet
  facet normal -0.368143 0 0.929769
    outer loop
      vertex -51.6502 51.9901 4.88459
      vertex -51.3291 -30.8 5.01173
      vertex -51.3291 51.9901 5.01173
    endloop
  endfacet
  facet normal -0.368143 0 0.929769
    outer loop
      vertex -51.3291 -30.8 5.01173
      vertex -51.6502 51.9901 4.88459
      vertex -51.6502 -30.8 4.88459
    endloop
  endfacet
  facet normal -0.951071 0 -0.308973
    outer loop
      vertex -49.8364 -30.8 8.1839
      vertex -49.9431 51.9901 8.51234
      vertex -49.8364 51.9901 8.1839
    endloop
  endfacet
  facet normal -0.951071 -0 -0.308973
    outer loop
      vertex -49.9431 51.9901 8.51234
      vertex -49.8364 -30.8 8.1839
      vertex -49.9431 -30.8 8.51234
    endloop
  endfacet
  facet normal -0.982293 0 -0.187349
    outer loop
      vertex -49.7717 -30.8 7.84467
      vertex -49.8364 51.9901 8.1839
      vertex -49.7717 51.9901 7.84467
    endloop
  endfacet
  facet normal -0.982293 -0 -0.187349
    outer loop
      vertex -49.8364 51.9901 8.1839
      vertex -49.7717 -30.8 7.84467
      vertex -49.8364 -30.8 8.1839
    endloop
  endfacet
  facet normal -0.770554 0 -0.637374
    outer loop
      vertex -50.2752 -30.8 9.11641
      vertex -50.4953 51.9901 9.3825
      vertex -50.2752 51.9901 9.11641
    endloop
  endfacet
  facet normal -0.770554 -0 -0.637374
    outer loop
      vertex -50.4953 51.9901 9.3825
      vertex -50.2752 -30.8 9.11641
      vertex -50.4953 -30.8 9.3825
    endloop
  endfacet
  facet normal -0.844392 0 -0.535726
    outer loop
      vertex -50.0902 -30.8 8.82482
      vertex -50.2752 51.9901 9.11641
      vertex -50.0902 51.9901 8.82482
    endloop
  endfacet
  facet normal -0.844392 -0 -0.535726
    outer loop
      vertex -50.2752 51.9901 9.11641
      vertex -50.0902 -30.8 8.82482
      vertex -50.2752 -30.8 9.11641
    endloop
  endfacet
  facet normal -0.248731 0 -0.968573
    outer loop
      vertex -51.9847 -30.8 10.2013
      vertex -51.6502 51.9901 10.1154
      vertex -51.6502 -30.8 10.1154
    endloop
  endfacet
  facet normal -0.248731 0 -0.968573
    outer loop
      vertex -51.6502 51.9901 10.1154
      vertex -51.9847 -30.8 10.2013
      vertex -51.9847 51.9901 10.2013
    endloop
  endfacet
  facet normal -0.125389 0 -0.992108
    outer loop
      vertex -52.3273 -30.8 10.2446
      vertex -51.9847 51.9901 10.2013
      vertex -51.9847 -30.8 10.2013
    endloop
  endfacet
  facet normal -0.125389 0 -0.992108
    outer loop
      vertex -51.9847 51.9901 10.2013
      vertex -52.3273 -30.8 10.2446
      vertex -52.3273 51.9901 10.2446
    endloop
  endfacet
  facet normal -0.481785 0 -0.876289
    outer loop
      vertex -51.3291 -30.8 9.98827
      vertex -51.0265 51.9901 9.8219
      vertex -51.0265 -30.8 9.8219
    endloop
  endfacet
  facet normal -0.481785 0 -0.876289
    outer loop
      vertex -51.0265 51.9901 9.8219
      vertex -51.3291 -30.8 9.98827
      vertex -51.3291 51.9901 9.98827
    endloop
  endfacet
  facet normal 0.844175 0.00952368 -0.535984
    outer loop
      vertex -54.7248 51.9901 9.11641
      vertex -54.9098 51.978 8.82482
      vertex -54.814 51.9901 8.97592
    endloop
  endfacet
  facet normal 0.844392 0 -0.535726
    outer loop
      vertex -54.7248 -30.8 9.11641
      vertex -54.9098 51.978 8.82482
      vertex -54.7248 51.9901 9.11641
    endloop
  endfacet
  facet normal 0.844392 0 -0.535726
    outer loop
      vertex -54.9098 51.978 8.82482
      vertex -54.7248 -30.8 9.11641
      vertex -54.9098 -30.8 8.82482
    endloop
  endfacet
  facet normal 0.951071 0 -0.308973
    outer loop
      vertex -55.0569 -30.8 8.51234
      vertex -55.1636 51.946 8.1839
      vertex -55.0569 51.9594 8.51234
    endloop
  endfacet
  facet normal 0.951071 0 -0.308973
    outer loop
      vertex -55.1636 51.946 8.1839
      vertex -55.0569 -30.8 8.51234
      vertex -55.1636 -30.8 8.1839
    endloop
  endfacet
  facet normal 0.982293 0 -0.187349
    outer loop
      vertex -55.1636 -30.8 8.1839
      vertex -55.2283 51.9378 7.84467
      vertex -55.1636 51.946 8.1839
    endloop
  endfacet
  facet normal 0.982293 0 -0.187349
    outer loop
      vertex -55.2283 51.9378 7.84467
      vertex -55.1636 -30.8 8.1839
      vertex -55.2283 -30.8 7.84467
    endloop
  endfacet
  facet normal 0.587774 0 -0.809025
    outer loop
      vertex -54.2529 -30.8 9.61891
      vertex -53.9735 51.9901 9.8219
      vertex -53.9735 -30.8 9.8219
    endloop
  endfacet
  facet normal 0.587774 0 -0.809025
    outer loop
      vertex -53.9735 51.9901 9.8219
      vertex -54.2529 -30.8 9.61891
      vertex -54.2529 51.9901 9.61891
    endloop
  endfacet
  facet normal 0.125389 0 -0.992108
    outer loop
      vertex -53.0153 -30.8 10.2013
      vertex -52.6727 51.9901 10.2446
      vertex -52.6727 -30.8 10.2446
    endloop
  endfacet
  facet normal 0.125389 0 -0.992108
    outer loop
      vertex -52.6727 51.9901 10.2446
      vertex -53.0153 -30.8 10.2013
      vertex -53.0153 51.9901 10.2013
    endloop
  endfacet
  facet normal -0.998024 0 0.0628344
    outer loop
      vertex -49.7717 -30.8 7.15533
      vertex -49.75 51.9901 7.5
      vertex -49.7717 51.9901 7.15533
    endloop
  endfacet
  facet normal -0.998024 0 0.0628344
    outer loop
      vertex -49.75 51.9901 7.5
      vertex -49.7717 -30.8 7.15533
      vertex -49.75 -30.8 7.5
    endloop
  endfacet
  facet normal -0.770554 0 0.637374
    outer loop
      vertex -50.4953 -30.8 5.6175
      vertex -50.2752 51.9901 5.88359
      vertex -50.4953 51.9901 5.6175
    endloop
  endfacet
  facet normal -0.770554 0 0.637374
    outer loop
      vertex -50.2752 51.9901 5.88359
      vertex -50.4953 -30.8 5.6175
      vertex -50.2752 -30.8 5.88359
    endloop
  endfacet
  facet normal 0.904762 0 0.425917
    outer loop
      vertex -54.9098 -30.8 6.17518
      vertex -55.0569 51.9594 6.48766
      vertex -55.0569 -30.8 6.48766
    endloop
  endfacet
  facet normal 0.904762 0 0.425917
    outer loop
      vertex -55.0569 51.9594 6.48766
      vertex -54.9098 -30.8 6.17518
      vertex -54.9098 51.978 6.17518
    endloop
  endfacet
  facet normal 0.770554 -0 0.637374
    outer loop
      vertex -54.7248 -30.8 5.88359
      vertex -54.5047 51.9901 5.6175
      vertex -54.7248 51.9901 5.88359
    endloop
  endfacet
  facet normal 0.770554 0 0.637374
    outer loop
      vertex -54.5047 51.9901 5.6175
      vertex -54.7248 -30.8 5.88359
      vertex -54.5047 -30.8 5.6175
    endloop
  endfacet
  facet normal -0.481785 0 0.876289
    outer loop
      vertex -51.3291 51.9901 5.01173
      vertex -51.0265 -30.8 5.1781
      vertex -51.0265 51.9901 5.1781
    endloop
  endfacet
  facet normal -0.481785 0 0.876289
    outer loop
      vertex -51.0265 -30.8 5.1781
      vertex -51.3291 51.9901 5.01173
      vertex -51.3291 -30.8 5.01173
    endloop
  endfacet
  facet normal -0.951071 0 0.308973
    outer loop
      vertex -49.9431 -30.8 6.48766
      vertex -49.8364 51.9901 6.8161
      vertex -49.9431 51.9901 6.48766
    endloop
  endfacet
  facet normal -0.951071 0 0.308973
    outer loop
      vertex -49.8364 51.9901 6.8161
      vertex -49.9431 -30.8 6.48766
      vertex -49.8364 -30.8 6.8161
    endloop
  endfacet
  facet normal -0.844392 0 0.535726
    outer loop
      vertex -50.2752 -30.8 5.88359
      vertex -50.0902 51.9901 6.17518
      vertex -50.2752 51.9901 5.88359
    endloop
  endfacet
  facet normal -0.844392 0 0.535726
    outer loop
      vertex -50.0902 51.9901 6.17518
      vertex -50.2752 -30.8 5.88359
      vertex -50.0902 -30.8 6.17518
    endloop
  endfacet
  facet normal 0.982293 0 0.187349
    outer loop
      vertex -55.1636 -30.8 6.8161
      vertex -55.2283 51.9378 7.15533
      vertex -55.2283 -30.8 7.15533
    endloop
  endfacet
  facet normal 0.982293 0 0.187349
    outer loop
      vertex -55.2283 51.9378 7.15533
      vertex -55.1636 -30.8 6.8161
      vertex -55.1636 51.946 6.8161
    endloop
  endfacet
  facet normal 0.998024 -0 0.0628344
    outer loop
      vertex -55.25 -30.8 7.5
      vertex -55.2283 51.9378 7.15533
      vertex -55.25 51.935 7.5
    endloop
  endfacet
  facet normal 0.998024 0 0.0628344
    outer loop
      vertex -55.2283 51.9378 7.15533
      vertex -55.25 -30.8 7.5
      vertex -55.2283 -30.8 7.15533
    endloop
  endfacet
  facet normal 0.951071 0 0.308973
    outer loop
      vertex -55.0569 -30.8 6.48766
      vertex -55.1636 51.946 6.8161
      vertex -55.1636 -30.8 6.8161
    endloop
  endfacet
  facet normal 0.951071 0 0.308973
    outer loop
      vertex -55.1636 51.946 6.8161
      vertex -55.0569 -30.8 6.48766
      vertex -55.0569 51.9594 6.48766
    endloop
  endfacet
  facet normal -0.587774 0 0.809025
    outer loop
      vertex -51.0265 51.9901 5.1781
      vertex -50.7471 -30.8 5.38109
      vertex -50.7471 51.9901 5.38109
    endloop
  endfacet
  facet normal -0.587774 0 0.809025
    outer loop
      vertex -50.7471 -30.8 5.38109
      vertex -51.0265 51.9901 5.1781
      vertex -51.0265 -30.8 5.1781
    endloop
  endfacet
  facet normal -0.248676 0 0.968587
    outer loop
      vertex -51.9847 51.9901 4.79871
      vertex -51.6502 -30.8 4.88459
      vertex -51.6502 51.9901 4.88459
    endloop
  endfacet
  facet normal -0.248676 0 0.968587
    outer loop
      vertex -51.6502 -30.8 4.88459
      vertex -51.9847 51.9901 4.79871
      vertex -51.9847 -30.8 4.79871
    endloop
  endfacet
  facet normal -0.982293 0 0.187349
    outer loop
      vertex -49.8364 -30.8 6.8161
      vertex -49.7717 51.9901 7.15533
      vertex -49.8364 51.9901 6.8161
    endloop
  endfacet
  facet normal -0.982293 0 0.187349
    outer loop
      vertex -49.7717 51.9901 7.15533
      vertex -49.8364 -30.8 6.8161
      vertex -49.7717 -30.8 7.15533
    endloop
  endfacet
  facet normal 0.248676 0 0.968587
    outer loop
      vertex -53.3498 51.9901 4.88459
      vertex -53.0153 -30.8 4.79871
      vertex -53.0153 51.9901 4.79871
    endloop
  endfacet
  facet normal 0.248676 0 0.968587
    outer loop
      vertex -53.0153 -30.8 4.79871
      vertex -53.3498 51.9901 4.88459
      vertex -53.3498 -30.8 4.88459
    endloop
  endfacet
  facet normal 0.844175 0.00952368 0.535984
    outer loop
      vertex -54.9098 51.978 6.17518
      vertex -54.7248 51.9901 5.88359
      vertex -54.814 51.9901 6.02408
    endloop
  endfacet
  facet normal 0.844392 0 0.535726
    outer loop
      vertex -54.7248 -30.8 5.88359
      vertex -54.9098 51.978 6.17518
      vertex -54.9098 -30.8 6.17518
    endloop
  endfacet
  facet normal 0.844392 0 0.535726
    outer loop
      vertex -54.9098 51.978 6.17518
      vertex -54.7248 -30.8 5.88359
      vertex -54.7248 51.9901 5.88359
    endloop
  endfacet
  facet normal 0.684476 0 0.729035
    outer loop
      vertex -54.5047 51.9901 5.6175
      vertex -54.2529 -30.8 5.38109
      vertex -54.2529 51.9901 5.38109
    endloop
  endfacet
  facet normal 0.684476 0 0.729035
    outer loop
      vertex -54.2529 -30.8 5.38109
      vertex -54.5047 51.9901 5.6175
      vertex -54.5047 -30.8 5.6175
    endloop
  endfacet
  facet normal 0.481785 0 0.876289
    outer loop
      vertex -53.9735 51.9901 5.1781
      vertex -53.6709 -30.8 5.01173
      vertex -53.6709 51.9901 5.01173
    endloop
  endfacet
  facet normal 0.481785 0 0.876289
    outer loop
      vertex -53.6709 -30.8 5.01173
      vertex -53.9735 51.9901 5.1781
      vertex -53.9735 -30.8 5.1781
    endloop
  endfacet
  facet normal 0.125332 0 0.992115
    outer loop
      vertex -53.0153 51.9901 4.79871
      vertex -52.6727 -30.8 4.75543
      vertex -52.6727 51.9901 4.75543
    endloop
  endfacet
  facet normal 0.125332 0 0.992115
    outer loop
      vertex -52.6727 -30.8 4.75543
      vertex -53.0153 51.9901 4.79871
      vertex -53.0153 -30.8 4.79871
    endloop
  endfacet
  facet normal 0.587774 0 0.809025
    outer loop
      vertex -54.2529 51.9901 5.38109
      vertex -53.9735 -30.8 5.1781
      vertex -53.9735 51.9901 5.1781
    endloop
  endfacet
  facet normal 0.587774 0 0.809025
    outer loop
      vertex -53.9735 -30.8 5.1781
      vertex -54.2529 51.9901 5.38109
      vertex -54.2529 -30.8 5.38109
    endloop
  endfacet
  facet normal 0.368143 0 0.929769
    outer loop
      vertex -53.6709 51.9901 5.01173
      vertex -53.3498 -30.8 4.88459
      vertex -53.3498 51.9901 4.88459
    endloop
  endfacet
  facet normal 0.368143 0 0.929769
    outer loop
      vertex -53.3498 -30.8 4.88459
      vertex -53.6709 51.9901 5.01173
      vertex -53.6709 -30.8 5.01173
    endloop
  endfacet
  facet normal -0.83546 -0.547028 -0.0526003
    outer loop
      vertex 58 -35 7.5
      vertex 57.9566 -35 8.18933
      vertex 55.25 -30.8 7.5
    endloop
  endfacet
  facet normal -0.83546 -0.547028 -0.0525996
    outer loop
      vertex 55.25 -30.8 7.5
      vertex 57.9566 -35 8.18933
      vertex 55.2283 -30.8 7.84467
    endloop
  endfacet
  facet normal 0.208216 -0.547029 -0.810805
    outer loop
      vertex 51.6502 -30.8 10.1154
      vertex 51.9847 -30.8 10.2013
      vertex 51.4694 -35 12.9026
    endloop
  endfacet
  facet normal -0.83546 -0.547028 0.0526003
    outer loop
      vertex 57.9566 -35 6.81067
      vertex 58 -35 7.5
      vertex 55.25 -30.8 7.5
    endloop
  endfacet
  facet normal -0.64499 -0.547023 0.533623
    outer loop
      vertex 56.9496 -35 4.26718
      vertex 54.5047 -30.8 5.6175
      vertex 56.5093 -35 3.73499
    endloop
  endfacet
  facet normal -0.645041 -0.547031 0.533554
    outer loop
      vertex 54.5047 -30.8 5.6175
      vertex 56.9496 -35 4.26718
      vertex 54.7248 -30.8 5.88359
    endloop
  endfacet
  facet normal -0.796155 -0.547029 0.258642
    outer loop
      vertex 57.8272 -35 6.13221
      vertex 55.0569 -30.8 6.48766
      vertex 57.6138 -35 5.47532
    endloop
  endfacet
  facet normal -0.796154 -0.547029 0.258646
    outer loop
      vertex 55.0569 -30.8 6.48766
      vertex 57.8272 -35 6.13221
      vertex 55.1636 -30.8 6.8161
    endloop
  endfacet
  facet normal -0.822292 -0.547027 0.156833
    outer loop
      vertex 57.8272 -35 6.13221
      vertex 57.9566 -35 6.81067
      vertex 55.2283 -30.8 7.15533
    endloop
  endfacet
  facet normal -0.757431 -0.547036 0.35644
    outer loop
      vertex 57.6138 -35 5.47532
      vertex 54.9098 -30.8 6.17518
      vertex 57.3197 -35 4.85036
    endloop
  endfacet
  facet normal -0.75739 -0.547027 0.356542
    outer loop
      vertex 54.9098 -30.8 6.17518
      vertex 57.6138 -35 5.47532
      vertex 55.0569 -30.8 6.48766
    endloop
  endfacet
  facet normal -0.706797 -0.547029 0.44855
    outer loop
      vertex 56.9496 -35 4.26718
      vertex 57.3197 -35 4.85036
      vertex 54.7248 -30.8 5.88359
    endloop
  endfacet
  facet normal -0.104914 -0.547029 0.830514
    outer loop
      vertex 53.0153 -30.8 4.79871
      vertex 52.8453 -35 2.01085
      vertex 53.5306 -35 2.09742
    endloop
  endfacet
  facet normal -0.104917 -0.547028 0.830513
    outer loop
      vertex 52.8453 -35 2.01085
      vertex 53.0153 -30.8 4.79871
      vertex 52.6727 -30.8 4.75543
    endloop
  endfacet
  facet normal -0.403319 -0.547028 0.733549
    outer loop
      vertex 54.8418 -35 2.52345
      vertex 55.447 -35 2.8562
      vertex 53.9735 -30.8 5.1781
    endloop
  endfacet
  facet normal 0.706847 -0.547038 0.448461
    outer loop
      vertex 50.2752 -30.8 5.88359
      vertex 50.0902 -30.8 6.17518
      vertex 47.6803 -35 4.85036
    endloop
  endfacet
  facet normal 0.308157 -0.547028 0.778331
    outer loop
      vertex 50.8004 -35 2.26919
      vertex 51.6502 -30.8 4.88459
      vertex 50.1582 -35 2.52345
    endloop
  endfacet
  facet normal -0.492035 -0.547025 -0.677248
    outer loop
      vertex 54.2529 -30.8 9.61891
      vertex 56.0058 -35 11.7378
      vertex 53.9735 -30.8 9.8219
    endloop
  endfacet
  facet normal -0.796154 -0.547029 -0.258646
    outer loop
      vertex 57.8272 -35 8.86779
      vertex 55.0569 -30.8 8.51234
      vertex 55.1636 -30.8 8.1839
    endloop
  endfacet
  facet normal -0.796155 -0.547029 -0.258642
    outer loop
      vertex 55.0569 -30.8 8.51234
      vertex 57.8272 -35 8.86779
      vertex 57.6138 -35 9.52468
    endloop
  endfacet
  facet normal 0.308158 -0.547023 -0.778334
    outer loop
      vertex 51.3291 -30.8 9.98827
      vertex 51.6502 -30.8 10.1154
      vertex 50.1582 -35 12.4765
    endloop
  endfacet
  facet normal 0.644995 -0.547022 -0.533618
    outer loop
      vertex 48.0504 -35 10.7328
      vertex 50.4953 -30.8 9.3825
      vertex 48.4907 -35 11.265
    endloop
  endfacet
  facet normal 0.645042 -0.547029 -0.533555
    outer loop
      vertex 50.4953 -30.8 9.3825
      vertex 48.0504 -35 10.7328
      vertex 50.2752 -30.8 9.11641
    endloop
  endfacet
  facet normal -0.83546 -0.547028 0.0525996
    outer loop
      vertex 57.9566 -35 6.81067
      vertex 55.25 -30.8 7.5
      vertex 55.2283 -30.8 7.15533
    endloop
  endfacet
  facet normal -0.308178 -0.54703 0.778322
    outer loop
      vertex 54.8418 -35 2.52345
      vertex 53.6709 -30.8 5.01173
      vertex 53.3498 -30.8 4.88459
    endloop
  endfacet
  facet normal -0.573041 -0.547023 0.610237
    outer loop
      vertex 56.0058 -35 3.26218
      vertex 56.5093 -35 3.73499
      vertex 54.5047 -30.8 5.6175
    endloop
  endfacet
  facet normal 0.822292 -0.547027 0.156833
    outer loop
      vertex 47.1728 -35 6.13221
      vertex 49.7717 -30.8 7.15533
      vertex 47.0434 -35 6.81067
    endloop
  endfacet
  facet normal 0.822292 -0.547027 0.156833
    outer loop
      vertex 49.8364 -30.8 6.8161
      vertex 49.7717 -30.8 7.15533
      vertex 47.1728 -35 6.13221
    endloop
  endfacet
  facet normal 0.75739 -0.547027 0.356542
    outer loop
      vertex 47.3862 -35 5.47532
      vertex 50.0902 -30.8 6.17518
      vertex 49.9431 -30.8 6.48766
    endloop
  endfacet
  facet normal 0.757431 -0.547036 0.35644
    outer loop
      vertex 50.0902 -30.8 6.17518
      vertex 47.3862 -35 5.47532
      vertex 47.6803 -35 4.85036
    endloop
  endfacet
  facet normal 0 -0.54703 0.837113
    outer loop
      vertex 52.3273 -30.8 4.75543
      vertex 52.8453 -35 2.01085
      vertex 52.6727 -30.8 4.75543
    endloop
  endfacet
  facet normal 0 -0.54703 0.837113
    outer loop
      vertex 52.8453 -35 2.01085
      vertex 52.3273 -30.8 4.75543
      vertex 52.1547 -35 2.01085
    endloop
  endfacet
  facet normal 0.492034 -0.547027 0.677247
    outer loop
      vertex 51.0265 -30.8 5.1781
      vertex 50.7471 -30.8 5.38109
      vertex 48.9942 -35 3.26218
    endloop
  endfacet
  facet normal -0.49205 -0.547026 -0.677236
    outer loop
      vertex 56.0058 -35 11.7378
      vertex 55.447 -35 12.1438
      vertex 53.9735 -30.8 9.8219
    endloop
  endfacet
  facet normal -0.572985 -0.547027 -0.610286
    outer loop
      vertex 54.5047 -30.8 9.3825
      vertex 56.0058 -35 11.7378
      vertex 54.2529 -30.8 9.61891
    endloop
  endfacet
  facet normal 0.492035 -0.547025 -0.677248
    outer loop
      vertex 50.7471 -30.8 9.61891
      vertex 51.0265 -30.8 9.8219
      vertex 48.9942 -35 11.7378
    endloop
  endfacet
  facet normal 0.104966 -0.547016 -0.830515
    outer loop
      vertex 52.1547 -35 12.9891
      vertex 51.9847 -30.8 10.2013
      vertex 52.3273 -30.8 10.2446
    endloop
  endfacet
  facet normal 0.104831 -0.547028 -0.830525
    outer loop
      vertex 51.9847 -30.8 10.2013
      vertex 52.1547 -35 12.9891
      vertex 51.4694 -35 12.9026
    endloop
  endfacet
  facet normal 0.573035 -0.547022 -0.610244
    outer loop
      vertex 50.4953 -30.8 9.3825
      vertex 48.9942 -35 11.7378
      vertex 48.4907 -35 11.265
    endloop
  endfacet
  facet normal 0.49205 -0.547026 -0.677236
    outer loop
      vertex 51.0265 -30.8 9.8219
      vertex 49.553 -35 12.1438
      vertex 48.9942 -35 11.7378
    endloop
  endfacet
  facet normal 0.403273 -0.547027 -0.733576
    outer loop
      vertex 51.0265 -30.8 9.8219
      vertex 50.1582 -35 12.4765
      vertex 49.553 -35 12.1438
    endloop
  endfacet
  facet normal 0.757424 -0.547034 -0.356459
    outer loop
      vertex 47.3862 -35 9.52468
      vertex 50.0902 -30.8 8.82482
      vertex 47.6803 -35 10.1496
    endloop
  endfacet
  facet normal 0.75739 -0.547027 -0.356542
    outer loop
      vertex 50.0902 -30.8 8.82482
      vertex 47.3862 -35 9.52468
      vertex 49.9431 -30.8 8.51234
    endloop
  endfacet
  facet normal 0.83546 -0.547028 0.0525996
    outer loop
      vertex 49.7717 -30.8 7.15533
      vertex 49.75 -30.8 7.5
      vertex 47.0434 -35 6.81067
    endloop
  endfacet
  facet normal 0.822292 -0.547027 -0.156833
    outer loop
      vertex 49.7717 -30.8 7.84467
      vertex 49.8364 -30.8 8.1839
      vertex 47.1728 -35 8.86779
    endloop
  endfacet
  facet normal 0.83546 -0.547028 0.0526003
    outer loop
      vertex 47.0434 -35 6.81067
      vertex 49.75 -30.8 7.5
      vertex 47 -35 7.5
    endloop
  endfacet
  facet normal -0.822292 -0.547027 0.156833
    outer loop
      vertex 57.8272 -35 6.13221
      vertex 55.2283 -30.8 7.15533
      vertex 55.1636 -30.8 6.8161
    endloop
  endfacet
  facet normal -0.706847 -0.547038 0.448461
    outer loop
      vertex 57.3197 -35 4.85036
      vertex 54.9098 -30.8 6.17518
      vertex 54.7248 -30.8 5.88359
    endloop
  endfacet
  facet normal -0.208182 -0.547028 0.810815
    outer loop
      vertex 53.5306 -35 2.09742
      vertex 54.1996 -35 2.26919
      vertex 53.3498 -30.8 4.88459
    endloop
  endfacet
  facet normal -0.308157 -0.547028 0.778331
    outer loop
      vertex 54.1996 -35 2.26919
      vertex 54.8418 -35 2.52345
      vertex 53.3498 -30.8 4.88459
    endloop
  endfacet
  facet normal -0.20817 -0.547029 0.810817
    outer loop
      vertex 53.5306 -35 2.09742
      vertex 53.3498 -30.8 4.88459
      vertex 53.0153 -30.8 4.79871
    endloop
  endfacet
  facet normal -0.403309 -0.547029 0.733554
    outer loop
      vertex 54.8418 -35 2.52345
      vertex 53.9735 -30.8 5.1781
      vertex 53.6709 -30.8 5.01173
    endloop
  endfacet
  facet normal -0.492034 -0.547027 0.677247
    outer loop
      vertex 55.447 -35 2.8562
      vertex 56.0058 -35 3.26218
      vertex 53.9735 -30.8 5.1781
    endloop
  endfacet
  facet normal -0.572984 -0.547029 0.610285
    outer loop
      vertex 56.0058 -35 3.26218
      vertex 54.5047 -30.8 5.6175
      vertex 54.2529 -30.8 5.38109
    endloop
  endfacet
  facet normal -0.492034 -0.547027 0.677247
    outer loop
      vertex 56.0058 -35 3.26218
      vertex 54.2529 -30.8 5.38109
      vertex 53.9735 -30.8 5.1781
    endloop
  endfacet
  facet normal 0.796154 -0.547029 0.258646
    outer loop
      vertex 47.1728 -35 6.13221
      vertex 49.9431 -30.8 6.48766
      vertex 49.8364 -30.8 6.8161
    endloop
  endfacet
  facet normal 0.796155 -0.547029 0.258642
    outer loop
      vertex 49.9431 -30.8 6.48766
      vertex 47.1728 -35 6.13221
      vertex 47.3862 -35 5.47532
    endloop
  endfacet
  facet normal 0.645041 -0.547031 0.533554
    outer loop
      vertex 48.0504 -35 4.26718
      vertex 50.4953 -30.8 5.6175
      vertex 50.2752 -30.8 5.88359
    endloop
  endfacet
  facet normal 0.64499 -0.547023 0.533623
    outer loop
      vertex 50.4953 -30.8 5.6175
      vertex 48.0504 -35 4.26718
      vertex 48.4907 -35 3.73499
    endloop
  endfacet
  facet normal 0.706797 -0.547029 0.44855
    outer loop
      vertex 48.0504 -35 4.26718
      vertex 50.2752 -30.8 5.88359
      vertex 47.6803 -35 4.85036
    endloop
  endfacet
  facet normal 0.208182 -0.547028 0.810815
    outer loop
      vertex 51.4694 -35 2.09742
      vertex 51.6502 -30.8 4.88459
      vertex 50.8004 -35 2.26919
    endloop
  endfacet
  facet normal 0.20817 -0.547029 0.810817
    outer loop
      vertex 51.9847 -30.8 4.79871
      vertex 51.6502 -30.8 4.88459
      vertex 51.4694 -35 2.09742
    endloop
  endfacet
  facet normal 0.403309 -0.547029 0.733554
    outer loop
      vertex 51.3291 -30.8 5.01173
      vertex 51.0265 -30.8 5.1781
      vertex 50.1582 -35 2.52345
    endloop
  endfacet
  facet normal -0.403273 -0.547027 -0.733576
    outer loop
      vertex 55.447 -35 12.1438
      vertex 54.8418 -35 12.4765
      vertex 53.9735 -30.8 9.8219
    endloop
  endfacet
  facet normal -0.308199 -0.547027 -0.778315
    outer loop
      vertex 54.8418 -35 12.4765
      vertex 54.1996 -35 12.7308
      vertex 53.3498 -30.8 10.1154
    endloop
  endfacet
  facet normal -0.104831 -0.547028 -0.830525
    outer loop
      vertex 52.8453 -35 12.9891
      vertex 53.0153 -30.8 10.2013
      vertex 53.5306 -35 12.9026
    endloop
  endfacet
  facet normal -0.104966 -0.547016 -0.830515
    outer loop
      vertex 53.0153 -30.8 10.2013
      vertex 52.8453 -35 12.9891
      vertex 52.6727 -30.8 10.2446
    endloop
  endfacet
  facet normal 0 -0.547018 -0.837121
    outer loop
      vertex 52.8453 -35 12.9891
      vertex 52.3273 -30.8 10.2446
      vertex 52.6727 -30.8 10.2446
    endloop
  endfacet
  facet normal 0 -0.547018 -0.837121
    outer loop
      vertex 52.3273 -30.8 10.2446
      vertex 52.8453 -35 12.9891
      vertex 52.1547 -35 12.9891
    endloop
  endfacet
  facet normal -0.822292 -0.547027 -0.156833
    outer loop
      vertex 57.9566 -35 8.18933
      vertex 57.8272 -35 8.86779
      vertex 55.2283 -30.8 7.84467
    endloop
  endfacet
  facet normal -0.822292 -0.547027 -0.156833
    outer loop
      vertex 55.2283 -30.8 7.84467
      vertex 57.8272 -35 8.86779
      vertex 55.1636 -30.8 8.1839
    endloop
  endfacet
  facet normal -0.75739 -0.547027 -0.356542
    outer loop
      vertex 57.6138 -35 9.52468
      vertex 54.9098 -30.8 8.82482
      vertex 55.0569 -30.8 8.51234
    endloop
  endfacet
  facet normal -0.757424 -0.547034 -0.356459
    outer loop
      vertex 54.9098 -30.8 8.82482
      vertex 57.6138 -35 9.52468
      vertex 57.3197 -35 10.1496
    endloop
  endfacet
  facet normal -0.573035 -0.547022 -0.610244
    outer loop
      vertex 56.5093 -35 11.265
      vertex 56.0058 -35 11.7378
      vertex 54.5047 -30.8 9.3825
    endloop
  endfacet
  facet normal 0.208216 -0.547029 -0.810805
    outer loop
      vertex 51.6502 -30.8 10.1154
      vertex 51.4694 -35 12.9026
      vertex 50.8004 -35 12.7308
    endloop
  endfacet
  facet normal 0.308199 -0.547027 -0.778315
    outer loop
      vertex 51.6502 -30.8 10.1154
      vertex 50.8004 -35 12.7308
      vertex 50.1582 -35 12.4765
    endloop
  endfacet
  facet normal 0.403311 -0.547023 -0.733557
    outer loop
      vertex 51.0265 -30.8 9.8219
      vertex 51.3291 -30.8 9.98827
      vertex 50.1582 -35 12.4765
    endloop
  endfacet
  facet normal 0.572985 -0.547027 -0.610286
    outer loop
      vertex 50.4953 -30.8 9.3825
      vertex 50.7471 -30.8 9.61891
      vertex 48.9942 -35 11.7378
    endloop
  endfacet
  facet normal 0.706805 -0.547027 -0.44854
    outer loop
      vertex 50.2752 -30.8 9.11641
      vertex 48.0504 -35 10.7328
      vertex 47.6803 -35 10.1496
    endloop
  endfacet
  facet normal 0.822292 -0.547027 -0.156833
    outer loop
      vertex 49.7717 -30.8 7.84467
      vertex 47.1728 -35 8.86779
      vertex 47.0434 -35 8.18933
    endloop
  endfacet
  facet normal 0.83546 -0.547028 -0.0526003
    outer loop
      vertex 49.75 -30.8 7.5
      vertex 47.0434 -35 8.18933
      vertex 47 -35 7.5
    endloop
  endfacet
  facet normal 0.83546 -0.547028 -0.0525996
    outer loop
      vertex 49.75 -30.8 7.5
      vertex 49.7717 -30.8 7.84467
      vertex 47.0434 -35 8.18933
    endloop
  endfacet
  facet normal 0.104917 -0.547028 0.830513
    outer loop
      vertex 51.9847 -30.8 4.79871
      vertex 52.1547 -35 2.01085
      vertex 52.3273 -30.8 4.75543
    endloop
  endfacet
  facet normal 0.104914 -0.547029 0.830514
    outer loop
      vertex 52.1547 -35 2.01085
      vertex 51.9847 -30.8 4.79871
      vertex 51.4694 -35 2.09742
    endloop
  endfacet
  facet normal 0.492034 -0.547027 0.677247
    outer loop
      vertex 49.553 -35 2.8562
      vertex 51.0265 -30.8 5.1781
      vertex 48.9942 -35 3.26218
    endloop
  endfacet
  facet normal 0.403319 -0.547028 0.733549
    outer loop
      vertex 50.1582 -35 2.52345
      vertex 51.0265 -30.8 5.1781
      vertex 49.553 -35 2.8562
    endloop
  endfacet
  facet normal 0.308178 -0.54703 0.778322
    outer loop
      vertex 51.6502 -30.8 4.88459
      vertex 51.3291 -30.8 5.01173
      vertex 50.1582 -35 2.52345
    endloop
  endfacet
  facet normal -0.403311 -0.547023 -0.733557
    outer loop
      vertex 53.9735 -30.8 9.8219
      vertex 54.8418 -35 12.4765
      vertex 53.6709 -30.8 9.98827
    endloop
  endfacet
  facet normal -0.208216 -0.547029 -0.810805
    outer loop
      vertex 54.1996 -35 12.7308
      vertex 53.5306 -35 12.9026
      vertex 53.3498 -30.8 10.1154
    endloop
  endfacet
  facet normal -0.208216 -0.547029 -0.810805
    outer loop
      vertex 53.3498 -30.8 10.1154
      vertex 53.5306 -35 12.9026
      vertex 53.0153 -30.8 10.2013
    endloop
  endfacet
  facet normal 0.706848 -0.547035 -0.448462
    outer loop
      vertex 50.0902 -30.8 8.82482
      vertex 50.2752 -30.8 9.11641
      vertex 47.6803 -35 10.1496
    endloop
  endfacet
  facet normal 0.796155 -0.547029 -0.258642
    outer loop
      vertex 47.1728 -35 8.86779
      vertex 49.9431 -30.8 8.51234
      vertex 47.3862 -35 9.52468
    endloop
  endfacet
  facet normal 0.796154 -0.547029 -0.258646
    outer loop
      vertex 49.9431 -30.8 8.51234
      vertex 47.1728 -35 8.86779
      vertex 49.8364 -30.8 8.1839
    endloop
  endfacet
  facet normal 0.572984 -0.547029 0.610285
    outer loop
      vertex 50.7471 -30.8 5.38109
      vertex 50.4953 -30.8 5.6175
      vertex 48.9942 -35 3.26218
    endloop
  endfacet
  facet normal 0.573041 -0.547023 0.610237
    outer loop
      vertex 48.9942 -35 3.26218
      vertex 50.4953 -30.8 5.6175
      vertex 48.4907 -35 3.73499
    endloop
  endfacet
  facet normal -0.308158 -0.547023 -0.778334
    outer loop
      vertex 53.6709 -30.8 9.98827
      vertex 54.8418 -35 12.4765
      vertex 53.3498 -30.8 10.1154
    endloop
  endfacet
  facet normal -0.645042 -0.547029 -0.533555
    outer loop
      vertex 56.9496 -35 10.7328
      vertex 54.5047 -30.8 9.3825
      vertex 54.7248 -30.8 9.11641
    endloop
  endfacet
  facet normal -0.644995 -0.547022 -0.533618
    outer loop
      vertex 54.5047 -30.8 9.3825
      vertex 56.9496 -35 10.7328
      vertex 56.5093 -35 11.265
    endloop
  endfacet
  facet normal -0.706805 -0.547027 -0.44854
    outer loop
      vertex 57.3197 -35 10.1496
      vertex 56.9496 -35 10.7328
      vertex 54.7248 -30.8 9.11641
    endloop
  endfacet
  facet normal -0.706848 -0.547035 -0.448462
    outer loop
      vertex 54.9098 -30.8 8.82482
      vertex 57.3197 -35 10.1496
      vertex 54.7248 -30.8 9.11641
    endloop
  endfacet
  facet normal -0.904808 0 -0.425821
    outer loop
      vertex 57.6138 -50.9059 9.52468
      vertex 57.3197 -35 10.1496
      vertex 57.6138 -35 9.52468
    endloop
  endfacet
  facet normal -0.904808 -0 -0.425821
    outer loop
      vertex 57.3197 -35 10.1496
      vertex 57.6138 -50.9059 9.52468
      vertex 57.3197 -51.1195 10.1496
    endloop
  endfacet
  facet normal -0.844334 0 -0.535817
    outer loop
      vertex 57.3197 -51.1195 10.1496
      vertex 56.9496 -35 10.7328
      vertex 57.3197 -35 10.1496
    endloop
  endfacet
  facet normal -0.844679 0.00195448 -0.53527
    outer loop
      vertex 56.9496 -51.3478 10.7328
      vertex 57.3197 -51.1195 10.1496
      vertex 57.1791 -51.2216 10.3711
    endloop
  endfacet
  facet normal -0.844334 0 -0.535817
    outer loop
      vertex 57.3197 -51.1195 10.1496
      vertex 56.9496 -51.3478 10.7328
      vertex 56.9496 -35 10.7328
    endloop
  endfacet
  facet normal -0.367929 -0.0254507 -0.929505
    outer loop
      vertex 54.1996 -51.9901 12.7308
      vertex 54.8418 -51.9866 12.4765
      vertex 54.814 -51.9901 12.4876
    endloop
  endfacet
  facet normal -0.368168 0 -0.929759
    outer loop
      vertex 54.8418 -51.9866 12.4765
      vertex 54.1996 -51.9901 12.7308
      vertex 54.8418 -35 12.4765
    endloop
  endfacet
  facet normal -0.368168 0 -0.929759
    outer loop
      vertex 54.8418 -35 12.4765
      vertex 54.1996 -51.9901 12.7308
      vertex 54.1996 -35 12.7308
    endloop
  endfacet
  facet normal 0.368168 0 -0.929759
    outer loop
      vertex 50.1582 -51.9901 12.4765
      vertex 50.8004 -35 12.7308
      vertex 50.8004 -51.9901 12.7308
    endloop
  endfacet
  facet normal 0.368168 0 -0.929759
    outer loop
      vertex 50.8004 -35 12.7308
      vertex 50.1582 -51.9901 12.4765
      vertex 50.1582 -35 12.4765
    endloop
  endfacet
  facet normal 0.904808 0 -0.425821
    outer loop
      vertex 47.6803 -51.9901 10.1496
      vertex 47.3862 -35 9.52468
      vertex 47.6803 -35 10.1496
    endloop
  endfacet
  facet normal 0.904808 0 -0.425821
    outer loop
      vertex 47.3862 -35 9.52468
      vertex 47.6803 -51.9901 10.1496
      vertex 47.3862 -51.9901 9.52468
    endloop
  endfacet
  facet normal -0.998024 0 0.0628353
    outer loop
      vertex 57.9566 -35 6.81067
      vertex 58 -50.5588 7.5
      vertex 58 -35 7.5
    endloop
  endfacet
  facet normal -0.998024 0 0.0628353
    outer loop
      vertex 58 -50.5588 7.5
      vertex 57.9566 -35 6.81067
      vertex 57.9566 -50.5995 6.81067
    endloop
  endfacet
  facet normal -0.368118 0 0.929779
    outer loop
      vertex 54.1996 -35 2.26919
      vertex 54.8418 -51.9866 2.52345
      vertex 54.8418 -35 2.52345
    endloop
  endfacet
  facet normal -0.368118 0 0.929779
    outer loop
      vertex 54.1996 -51.9901 2.26919
      vertex 54.8418 -51.9866 2.52345
      vertex 54.1996 -35 2.26919
    endloop
  endfacet
  facet normal -0.368098 -0.00372534 0.929779
    outer loop
      vertex 54.8418 -51.9866 2.52345
      vertex 54.1996 -51.9901 2.26919
      vertex 54.814 -51.9901 2.51243
    endloop
  endfacet
  facet normal -0.681363 -0.0150808 -0.73179
    outer loop
      vertex 56.0058 -51.7654 11.7378
      vertex 56.5093 -51.5715 11.265
      vertex 56.0451 -51.7553 11.701
    endloop
  endfacet
  facet normal -0.684533 0 -0.728982
    outer loop
      vertex 56.5093 -51.5715 11.265
      vertex 56.0058 -51.7654 11.7378
      vertex 56.0058 -35 11.7378
    endloop
  endfacet
  facet normal -0.684533 0 -0.728982
    outer loop
      vertex 56.5093 -51.5715 11.265
      vertex 56.0058 -35 11.7378
      vertex 56.5093 -35 11.265
    endloop
  endfacet
  facet normal -0.125228 0 -0.992128
    outer loop
      vertex 52.8453 -51.9901 12.9891
      vertex 53.5306 -35 12.9026
      vertex 53.5306 -51.9901 12.9026
    endloop
  endfacet
  facet normal -0.125228 0 -0.992128
    outer loop
      vertex 53.5306 -35 12.9026
      vertex 52.8453 -51.9901 12.9891
      vertex 52.8453 -35 12.9891
    endloop
  endfacet
  facet normal 0.998024 0 -0.0628353
    outer loop
      vertex 47.0434 -51.9901 8.18933
      vertex 47 -35 7.5
      vertex 47.0434 -35 8.18933
    endloop
  endfacet
  facet normal 0.998024 0 -0.0628353
    outer loop
      vertex 47 -35 7.5
      vertex 47.0434 -51.9901 8.18933
      vertex 47 -51.9901 7.5
    endloop
  endfacet
  facet normal 0.982293 0 -0.187349
    outer loop
      vertex 47.1728 -51.9901 8.86779
      vertex 47.0434 -35 8.18933
      vertex 47.1728 -35 8.86779
    endloop
  endfacet
  facet normal 0.982293 0 -0.187349
    outer loop
      vertex 47.0434 -35 8.18933
      vertex 47.1728 -51.9901 8.86779
      vertex 47.0434 -51.9901 8.18933
    endloop
  endfacet
  facet normal 0.770495 0 -0.637446
    outer loop
      vertex 48.4907 -51.9901 11.265
      vertex 48.0504 -35 10.7328
      vertex 48.4907 -35 11.265
    endloop
  endfacet
  facet normal 0.770495 0 -0.637446
    outer loop
      vertex 48.0504 -35 10.7328
      vertex 48.4907 -51.9901 11.265
      vertex 48.0504 -51.9901 10.7328
    endloop
  endfacet
  facet normal 0.125228 0 -0.992128
    outer loop
      vertex 51.4694 -51.9901 12.9026
      vertex 52.1547 -35 12.9891
      vertex 52.1547 -51.9901 12.9891
    endloop
  endfacet
  facet normal 0.125228 0 -0.992128
    outer loop
      vertex 52.1547 -35 12.9891
      vertex 51.4694 -51.9901 12.9026
      vertex 51.4694 -35 12.9026
    endloop
  endfacet
  facet normal 0.684533 0 -0.728982
    outer loop
      vertex 48.4907 -51.9901 11.265
      vertex 48.9942 -35 11.7378
      vertex 48.9942 -51.9901 11.7378
    endloop
  endfacet
  facet normal 0.684533 0 -0.728982
    outer loop
      vertex 48.9942 -35 11.7378
      vertex 48.4907 -51.9901 11.265
      vertex 48.4907 -35 11.265
    endloop
  endfacet
  facet normal -0.24869 0 0.968583
    outer loop
      vertex 53.5306 -35 2.09742
      vertex 54.1996 -51.9901 2.26919
      vertex 54.1996 -35 2.26919
    endloop
  endfacet
  facet normal -0.24869 0 0.968583
    outer loop
      vertex 54.1996 -51.9901 2.26919
      vertex 53.5306 -35 2.09742
      vertex 53.5306 -51.9901 2.09742
    endloop
  endfacet
  facet normal -0.951072 0 -0.308969
    outer loop
      vertex 57.8272 -50.721 8.86779
      vertex 57.6138 -35 9.52468
      vertex 57.8272 -35 8.86779
    endloop
  endfacet
  facet normal -0.951334 0.00323551 -0.308144
    outer loop
      vertex 57.6138 -50.9059 9.52468
      vertex 57.8272 -50.721 8.86779
      vertex 57.6871 -50.8526 9.29894
    endloop
  endfacet
  facet normal -0.951072 0 -0.308969
    outer loop
      vertex 57.8272 -50.721 8.86779
      vertex 57.6138 -50.9059 9.52468
      vertex 57.6138 -35 9.52468
    endloop
  endfacet
  facet normal -0.770495 0 -0.637446
    outer loop
      vertex 56.9496 -51.3478 10.7328
      vertex 56.5093 -35 11.265
      vertex 56.9496 -35 10.7328
    endloop
  endfacet
  facet normal -0.769869 -0.00301186 -0.638195
    outer loop
      vertex 56.5093 -51.5715 11.265
      vertex 56.9496 -51.3478 10.7328
      vertex 56.6289 -51.5241 11.1205
    endloop
  endfacet
  facet normal -0.770495 0 -0.637446
    outer loop
      vertex 56.9496 -51.3478 10.7328
      vertex 56.5093 -51.5715 11.265
      vertex 56.5093 -35 11.265
    endloop
  endfacet
  facet normal 0 0 -1
    outer loop
      vertex 52.1547 -51.9901 12.9891
      vertex 52.8453 -35 12.9891
      vertex 52.8453 -51.9901 12.9891
    endloop
  endfacet
  facet normal -0 0 -1
    outer loop
      vertex 52.8453 -35 12.9891
      vertex 52.1547 -51.9901 12.9891
      vertex 52.1547 -35 12.9891
    endloop
  endfacet
  facet normal -0.248731 0 -0.968573
    outer loop
      vertex 53.5306 -51.9901 12.9026
      vertex 54.1996 -35 12.7308
      vertex 54.1996 -51.9901 12.7308
    endloop
  endfacet
  facet normal -0.248731 0 -0.968573
    outer loop
      vertex 54.1996 -35 12.7308
      vertex 53.5306 -51.9901 12.9026
      vertex 53.5306 -35 12.9026
    endloop
  endfacet
  facet normal -0.587793 -0 -0.809011
    outer loop
      vertex 55.447 -35 12.1438
      vertex 56.0058 -51.7654 11.7378
      vertex 55.447 -51.9088 12.1438
    endloop
  endfacet
  facet normal -0.587793 0 -0.809011
    outer loop
      vertex 56.0058 -51.7654 11.7378
      vertex 55.447 -35 12.1438
      vertex 56.0058 -35 11.7378
    endloop
  endfacet
  facet normal -0.478316 -0.032141 -0.877599
    outer loop
      vertex 54.8418 -51.9866 12.4765
      vertex 55.447 -51.9088 12.1438
      vertex 55.4369 -51.9114 12.1494
    endloop
  endfacet
  facet normal -0.481741 0 -0.876314
    outer loop
      vertex 55.447 -51.9088 12.1438
      vertex 54.8418 -51.9866 12.4765
      vertex 54.8418 -35 12.4765
    endloop
  endfacet
  facet normal -0.481741 0 -0.876314
    outer loop
      vertex 55.447 -51.9088 12.1438
      vertex 54.8418 -35 12.4765
      vertex 55.447 -35 12.1438
    endloop
  endfacet
  facet normal 0.951072 0 -0.308969
    outer loop
      vertex 47.3862 -51.9901 9.52468
      vertex 47.1728 -35 8.86779
      vertex 47.3862 -35 9.52468
    endloop
  endfacet
  facet normal 0.951072 0 -0.308969
    outer loop
      vertex 47.1728 -35 8.86779
      vertex 47.3862 -51.9901 9.52468
      vertex 47.1728 -51.9901 8.86779
    endloop
  endfacet
  facet normal 0.844334 0 -0.535817
    outer loop
      vertex 48.0504 -51.9901 10.7328
      vertex 47.6803 -35 10.1496
      vertex 48.0504 -35 10.7328
    endloop
  endfacet
  facet normal 0.844334 0 -0.535817
    outer loop
      vertex 47.6803 -35 10.1496
      vertex 48.0504 -51.9901 10.7328
      vertex 47.6803 -51.9901 10.1496
    endloop
  endfacet
  facet normal 0.248731 0 -0.968573
    outer loop
      vertex 50.8004 -51.9901 12.7308
      vertex 51.4694 -35 12.9026
      vertex 51.4694 -51.9901 12.9026
    endloop
  endfacet
  facet normal 0.248731 0 -0.968573
    outer loop
      vertex 51.4694 -35 12.9026
      vertex 50.8004 -51.9901 12.7308
      vertex 50.8004 -35 12.7308
    endloop
  endfacet
  facet normal 0.481741 0 -0.876314
    outer loop
      vertex 49.553 -51.9901 12.1438
      vertex 50.1582 -35 12.4765
      vertex 50.1582 -51.9901 12.4765
    endloop
  endfacet
  facet normal 0.481741 0 -0.876314
    outer loop
      vertex 50.1582 -35 12.4765
      vertex 49.553 -51.9901 12.1438
      vertex 49.553 -35 12.1438
    endloop
  endfacet
  facet normal 0.587793 0 -0.809011
    outer loop
      vertex 48.9942 -51.9901 11.7378
      vertex 49.553 -35 12.1438
      vertex 49.553 -51.9901 12.1438
    endloop
  endfacet
  facet normal 0.587793 0 -0.809011
    outer loop
      vertex 49.553 -35 12.1438
      vertex 48.9942 -51.9901 11.7378
      vertex 48.9942 -35 11.7378
    endloop
  endfacet
  facet normal -0.998024 0 -0.0628353
    outer loop
      vertex 58 -50.5588 7.5
      vertex 57.9566 -35 8.18933
      vertex 58 -35 7.5
    endloop
  endfacet
  facet normal -0.998024 -0 -0.0628353
    outer loop
      vertex 57.9566 -35 8.18933
      vertex 58 -50.5588 7.5
      vertex 57.9566 -50.5995 8.18933
    endloop
  endfacet
  facet normal -0.770489 0 0.637453
    outer loop
      vertex 56.5093 -35 3.73499
      vertex 56.9496 -51.3478 4.26718
      vertex 56.9496 -35 4.26718
    endloop
  endfacet
  facet normal -0.770489 0 0.637453
    outer loop
      vertex 56.5093 -51.5715 3.73499
      vertex 56.9496 -51.3478 4.26718
      vertex 56.5093 -35 3.73499
    endloop
  endfacet
  facet normal -0.770288 -0.000971233 0.637695
    outer loop
      vertex 56.9496 -51.3478 4.26718
      vertex 56.5093 -51.5715 3.73499
      vertex 56.6289 -51.5241 3.87953
    endloop
  endfacet
  facet normal 0.998024 -0 0.0628353
    outer loop
      vertex 47 -51.9901 7.5
      vertex 47.0434 -35 6.81067
      vertex 47 -35 7.5
    endloop
  endfacet
  facet normal 0.998024 0 0.0628353
    outer loop
      vertex 47.0434 -35 6.81067
      vertex 47 -51.9901 7.5
      vertex 47.0434 -51.9901 6.81067
    endloop
  endfacet
  facet normal 0.982293 -0 0.187349
    outer loop
      vertex 47.0434 -51.9901 6.81067
      vertex 47.1728 -35 6.13221
      vertex 47.0434 -35 6.81067
    endloop
  endfacet
  facet normal 0.982293 0 0.187349
    outer loop
      vertex 47.1728 -35 6.13221
      vertex 47.0434 -51.9901 6.81067
      vertex 47.1728 -51.9901 6.13221
    endloop
  endfacet
  facet normal -0.125328 0 0.992115
    outer loop
      vertex 52.8453 -35 2.01085
      vertex 53.5306 -51.9901 2.09742
      vertex 53.5306 -35 2.09742
    endloop
  endfacet
  facet normal -0.125328 0 0.992115
    outer loop
      vertex 53.5306 -51.9901 2.09742
      vertex 52.8453 -35 2.01085
      vertex 52.8453 -51.9901 2.01085
    endloop
  endfacet
  facet normal -0.982293 0 -0.187349
    outer loop
      vertex 57.9566 -50.5995 8.18933
      vertex 57.8272 -35 8.86779
      vertex 57.9566 -35 8.18933
    endloop
  endfacet
  facet normal -0.982293 -0 -0.187349
    outer loop
      vertex 57.8272 -35 8.86779
      vertex 57.9566 -50.5995 8.18933
      vertex 57.8272 -50.721 8.86779
    endloop
  endfacet
  facet normal -0.982293 0 0.187349
    outer loop
      vertex 57.8272 -35 6.13221
      vertex 57.9566 -50.5995 6.81067
      vertex 57.9566 -35 6.81067
    endloop
  endfacet
  facet normal -0.982293 0 0.187349
    outer loop
      vertex 57.9566 -50.5995 6.81067
      vertex 57.8272 -35 6.13221
      vertex 57.8272 -50.721 6.13221
    endloop
  endfacet
  facet normal -0.951072 0 0.308969
    outer loop
      vertex 57.6138 -35 5.47532
      vertex 57.8272 -50.721 6.13221
      vertex 57.8272 -35 6.13221
    endloop
  endfacet
  facet normal -0.951072 0 0.308969
    outer loop
      vertex 57.6138 -50.9059 5.47532
      vertex 57.8272 -50.721 6.13221
      vertex 57.6138 -35 5.47532
    endloop
  endfacet
  facet normal -0.951334 0.00323551 0.308144
    outer loop
      vertex 57.8272 -50.721 6.13221
      vertex 57.6138 -50.9059 5.47532
      vertex 57.6871 -50.8526 5.70106
    endloop
  endfacet
  facet normal -0.481796 0 0.876283
    outer loop
      vertex 54.8418 -35 2.52345
      vertex 55.447 -51.9088 2.8562
      vertex 55.447 -35 2.8562
    endloop
  endfacet
  facet normal -0.481796 0 0.876283
    outer loop
      vertex 54.8418 -51.9866 2.52345
      vertex 55.447 -51.9088 2.8562
      vertex 54.8418 -35 2.52345
    endloop
  endfacet
  facet normal -0.479932 -0.0180838 0.87712
    outer loop
      vertex 55.447 -51.9088 2.8562
      vertex 54.8418 -51.9866 2.52345
      vertex 55.4369 -51.9114 2.85062
    endloop
  endfacet
  facet normal -0.684541 0 0.728974
    outer loop
      vertex 56.0058 -35 3.26218
      vertex 56.5093 -51.5715 3.73499
      vertex 56.5093 -35 3.73499
    endloop
  endfacet
  facet normal -0.684541 0 0.728974
    outer loop
      vertex 56.0058 -51.7654 3.26218
      vertex 56.5093 -51.5715 3.73499
      vertex 56.0058 -35 3.26218
    endloop
  endfacet
  facet normal -0.683204 -0.00645908 0.730199
    outer loop
      vertex 56.5093 -51.5715 3.73499
      vertex 56.0058 -51.7654 3.26218
      vertex 56.0451 -51.7553 3.29904
    endloop
  endfacet
  facet normal -0.844326 0 0.53583
    outer loop
      vertex 56.9496 -35 4.26718
      vertex 57.3197 -51.1195 4.85036
      vertex 57.3197 -35 4.85036
    endloop
  endfacet
  facet normal -0.844326 0 0.53583
    outer loop
      vertex 56.9496 -51.3478 4.26718
      vertex 57.3197 -51.1195 4.85036
      vertex 56.9496 -35 4.26718
    endloop
  endfacet
  facet normal -0.844746 0.00238593 0.535162
    outer loop
      vertex 57.3197 -51.1195 4.85036
      vertex 56.9496 -51.3478 4.26718
      vertex 57.1791 -51.2216 4.62888
    endloop
  endfacet
  facet normal -0.904818 0 0.425798
    outer loop
      vertex 57.3197 -35 4.85036
      vertex 57.6138 -50.9059 5.47532
      vertex 57.6138 -35 5.47532
    endloop
  endfacet
  facet normal -0.904818 0 0.425798
    outer loop
      vertex 57.6138 -50.9059 5.47532
      vertex 57.3197 -35 4.85036
      vertex 57.3197 -51.1195 4.85036
    endloop
  endfacet
  facet normal 0.368118 0 0.929779
    outer loop
      vertex 50.1582 -35 2.52345
      vertex 50.8004 -51.9901 2.26919
      vertex 50.8004 -35 2.26919
    endloop
  endfacet
  facet normal 0.368118 0 0.929779
    outer loop
      vertex 50.8004 -51.9901 2.26919
      vertex 50.1582 -35 2.52345
      vertex 50.1582 -51.9901 2.52345
    endloop
  endfacet
  facet normal 0.125328 0 0.992115
    outer loop
      vertex 51.4694 -35 2.09742
      vertex 52.1547 -51.9901 2.01085
      vertex 52.1547 -35 2.01085
    endloop
  endfacet
  facet normal 0.125328 0 0.992115
    outer loop
      vertex 52.1547 -51.9901 2.01085
      vertex 51.4694 -35 2.09742
      vertex 51.4694 -51.9901 2.09742
    endloop
  endfacet
  facet normal 0.951072 -0 0.308969
    outer loop
      vertex 47.1728 -51.9901 6.13221
      vertex 47.3862 -35 5.47532
      vertex 47.1728 -35 6.13221
    endloop
  endfacet
  facet normal 0.951072 0 0.308969
    outer loop
      vertex 47.3862 -35 5.47532
      vertex 47.1728 -51.9901 6.13221
      vertex 47.3862 -51.9901 5.47532
    endloop
  endfacet
  facet normal 0.770489 -0 0.637453
    outer loop
      vertex 48.0504 -51.9901 4.26718
      vertex 48.4907 -35 3.73499
      vertex 48.0504 -35 4.26718
    endloop
  endfacet
  facet normal 0.770489 0 0.637453
    outer loop
      vertex 48.4907 -35 3.73499
      vertex 48.0504 -51.9901 4.26718
      vertex 48.4907 -51.9901 3.73499
    endloop
  endfacet
  facet normal -0.587774 0 0.809025
    outer loop
      vertex 55.447 -35 2.8562
      vertex 56.0058 -51.7654 3.26218
      vertex 56.0058 -35 3.26218
    endloop
  endfacet
  facet normal -0.587774 0 0.809025
    outer loop
      vertex 56.0058 -51.7654 3.26218
      vertex 55.447 -35 2.8562
      vertex 55.447 -51.9088 2.8562
    endloop
  endfacet
  facet normal 0.587774 0 0.809025
    outer loop
      vertex 48.9942 -35 3.26218
      vertex 49.553 -51.9901 2.8562
      vertex 49.553 -35 2.8562
    endloop
  endfacet
  facet normal 0.587774 0 0.809025
    outer loop
      vertex 49.553 -51.9901 2.8562
      vertex 48.9942 -35 3.26218
      vertex 48.9942 -51.9901 3.26218
    endloop
  endfacet
  facet normal -0 0 1
    outer loop
      vertex 52.1547 -35 2.01085
      vertex 52.8453 -51.9901 2.01085
      vertex 52.8453 -35 2.01085
    endloop
  endfacet
  facet normal 0 0 1
    outer loop
      vertex 52.8453 -51.9901 2.01085
      vertex 52.1547 -35 2.01085
      vertex 52.1547 -51.9901 2.01085
    endloop
  endfacet
  facet normal 0.24869 0 0.968583
    outer loop
      vertex 50.8004 -35 2.26919
      vertex 51.4694 -51.9901 2.09742
      vertex 51.4694 -35 2.09742
    endloop
  endfacet
  facet normal 0.24869 0 0.968583
    outer loop
      vertex 51.4694 -51.9901 2.09742
      vertex 50.8004 -35 2.26919
      vertex 50.8004 -51.9901 2.26919
    endloop
  endfacet
  facet normal 0.684541 0 0.728974
    outer loop
      vertex 48.4907 -35 3.73499
      vertex 48.9942 -51.9901 3.26218
      vertex 48.9942 -35 3.26218
    endloop
  endfacet
  facet normal 0.684541 0 0.728974
    outer loop
      vertex 48.9942 -51.9901 3.26218
      vertex 48.4907 -35 3.73499
      vertex 48.4907 -51.9901 3.73499
    endloop
  endfacet
  facet normal 0.844326 -0 0.53583
    outer loop
      vertex 47.6803 -51.9901 4.85036
      vertex 48.0504 -35 4.26718
      vertex 47.6803 -35 4.85036
    endloop
  endfacet
  facet normal 0.844326 0 0.53583
    outer loop
      vertex 48.0504 -35 4.26718
      vertex 47.6803 -51.9901 4.85036
      vertex 48.0504 -51.9901 4.26718
    endloop
  endfacet
  facet normal 0.904818 -0 0.425798
    outer loop
      vertex 47.3862 -51.9901 5.47532
      vertex 47.6803 -35 4.85036
      vertex 47.3862 -35 5.47532
    endloop
  endfacet
  facet normal 0.904818 0 0.425798
    outer loop
      vertex 47.6803 -35 4.85036
      vertex 47.3862 -51.9901 5.47532
      vertex 47.6803 -51.9901 4.85036
    endloop
  endfacet
  facet normal 0.481796 0 0.876283
    outer loop
      vertex 49.553 -35 2.8562
      vertex 50.1582 -51.9901 2.52345
      vertex 50.1582 -35 2.52345
    endloop
  endfacet
  facet normal 0.481796 0 0.876283
    outer loop
      vertex 50.1582 -51.9901 2.52345
      vertex 49.553 -35 2.8562
      vertex 49.553 -51.9901 2.8562
    endloop
  endfacet
  facet normal -0.998024 0 -0.0628344
    outer loop
      vertex 55.25 -30.8 7.5
      vertex 55.2283 51.9378 7.84467
      vertex 55.25 51.935 7.5
    endloop
  endfacet
  facet normal -0.998024 -0 -0.0628344
    outer loop
      vertex 55.2283 51.9378 7.84467
      vertex 55.25 -30.8 7.5
      vertex 55.2283 -30.8 7.84467
    endloop
  endfacet
  facet normal 0.998024 0 -0.0628344
    outer loop
      vertex 49.7717 -30.8 7.84467
      vertex 49.75 51.9901 7.5
      vertex 49.7717 51.9901 7.84467
    endloop
  endfacet
  facet normal 0.998024 0 -0.0628344
    outer loop
      vertex 49.75 51.9901 7.5
      vertex 49.7717 -30.8 7.84467
      vertex 49.75 -30.8 7.5
    endloop
  endfacet
  facet normal 0 0 -1
    outer loop
      vertex 52.3273 -30.8 10.2446
      vertex 52.6727 51.9901 10.2446
      vertex 52.6727 -30.8 10.2446
    endloop
  endfacet
  facet normal -0 0 -1
    outer loop
      vertex 52.6727 51.9901 10.2446
      vertex 52.3273 -30.8 10.2446
      vertex 52.3273 51.9901 10.2446
    endloop
  endfacet
  facet normal -0 0 1
    outer loop
      vertex 52.3273 51.9901 4.75543
      vertex 52.6727 -30.8 4.75543
      vertex 52.6727 51.9901 4.75543
    endloop
  endfacet
  facet normal 0 0 1
    outer loop
      vertex 52.6727 -30.8 4.75543
      vertex 52.3273 51.9901 4.75543
      vertex 52.3273 -30.8 4.75543
    endloop
  endfacet
  facet normal -0.684476 0 0.729035
    outer loop
      vertex 54.2529 51.9901 5.38109
      vertex 54.5047 -30.8 5.6175
      vertex 54.5047 51.9901 5.6175
    endloop
  endfacet
  facet normal -0.684476 0 0.729035
    outer loop
      vertex 54.5047 -30.8 5.6175
      vertex 54.2529 51.9901 5.38109
      vertex 54.2529 -30.8 5.38109
    endloop
  endfacet
  facet normal -0.684476 0 -0.729035
    outer loop
      vertex 54.2529 -30.8 9.61891
      vertex 54.5047 51.9901 9.3825
      vertex 54.5047 -30.8 9.3825
    endloop
  endfacet
  facet normal -0.684476 0 -0.729035
    outer loop
      vertex 54.5047 51.9901 9.3825
      vertex 54.2529 -30.8 9.61891
      vertex 54.2529 51.9901 9.61891
    endloop
  endfacet
  facet normal 0.684476 0 -0.729035
    outer loop
      vertex 50.4953 -30.8 9.3825
      vertex 50.7471 51.9901 9.61891
      vertex 50.7471 -30.8 9.61891
    endloop
  endfacet
  facet normal 0.684476 0 -0.729035
    outer loop
      vertex 50.7471 51.9901 9.61891
      vertex 50.4953 -30.8 9.3825
      vertex 50.4953 51.9901 9.3825
    endloop
  endfacet
  facet normal 0.368118 0 -0.929779
    outer loop
      vertex 51.3291 -30.8 9.98827
      vertex 51.6502 51.9901 10.1154
      vertex 51.6502 -30.8 10.1154
    endloop
  endfacet
  facet normal 0.368118 0 -0.929779
    outer loop
      vertex 51.6502 51.9901 10.1154
      vertex 51.3291 -30.8 9.98827
      vertex 51.3291 51.9901 9.98827
    endloop
  endfacet
  facet normal -0.904762 0 0.425917
    outer loop
      vertex 54.9098 -30.8 6.17518
      vertex 55.0569 51.9594 6.48766
      vertex 54.9098 51.978 6.17518
    endloop
  endfacet
  facet normal -0.904762 0 0.425917
    outer loop
      vertex 55.0569 51.9594 6.48766
      vertex 54.9098 -30.8 6.17518
      vertex 55.0569 -30.8 6.48766
    endloop
  endfacet
  facet normal -0.904762 0 -0.425917
    outer loop
      vertex 54.9098 -30.8 8.82482
      vertex 55.0569 51.9594 8.51234
      vertex 55.0569 -30.8 8.51234
    endloop
  endfacet
  facet normal -0.904762 0 -0.425917
    outer loop
      vertex 55.0569 51.9594 8.51234
      vertex 54.9098 -30.8 8.82482
      vertex 54.9098 51.978 8.82482
    endloop
  endfacet
  facet normal -0.368118 0 -0.929779
    outer loop
      vertex 53.3498 -30.8 10.1154
      vertex 53.6709 51.9901 9.98827
      vertex 53.6709 -30.8 9.98827
    endloop
  endfacet
  facet normal -0.368118 0 -0.929779
    outer loop
      vertex 53.6709 51.9901 9.98827
      vertex 53.3498 -30.8 10.1154
      vertex 53.3498 51.9901 10.1154
    endloop
  endfacet
  facet normal -0.587774 0 -0.809025
    outer loop
      vertex 53.9735 -30.8 9.8219
      vertex 54.2529 51.9901 9.61891
      vertex 54.2529 -30.8 9.61891
    endloop
  endfacet
  facet normal -0.587774 0 -0.809025
    outer loop
      vertex 54.2529 51.9901 9.61891
      vertex 53.9735 -30.8 9.8219
      vertex 53.9735 51.9901 9.8219
    endloop
  endfacet
  facet normal 0.904762 0 -0.425917
    outer loop
      vertex 50.0902 -30.8 8.82482
      vertex 49.9431 51.9901 8.51234
      vertex 50.0902 51.9901 8.82482
    endloop
  endfacet
  facet normal 0.904762 0 -0.425917
    outer loop
      vertex 49.9431 51.9901 8.51234
      vertex 50.0902 -30.8 8.82482
      vertex 49.9431 -30.8 8.51234
    endloop
  endfacet
  facet normal 0.770554 0 -0.637374
    outer loop
      vertex 50.4953 -30.8 9.3825
      vertex 50.2752 51.9901 9.11641
      vertex 50.4953 51.9901 9.3825
    endloop
  endfacet
  facet normal 0.770554 0 -0.637374
    outer loop
      vertex 50.2752 51.9901 9.11641
      vertex 50.4953 -30.8 9.3825
      vertex 50.2752 -30.8 9.11641
    endloop
  endfacet
  facet normal 0.481785 0 -0.876289
    outer loop
      vertex 51.0265 -30.8 9.8219
      vertex 51.3291 51.9901 9.98827
      vertex 51.3291 -30.8 9.98827
    endloop
  endfacet
  facet normal 0.481785 0 -0.876289
    outer loop
      vertex 51.3291 51.9901 9.98827
      vertex 51.0265 -30.8 9.8219
      vertex 51.0265 51.9901 9.8219
    endloop
  endfacet
  facet normal 0.248731 0 -0.968573
    outer loop
      vertex 51.6502 -30.8 10.1154
      vertex 51.9847 51.9901 10.2013
      vertex 51.9847 -30.8 10.2013
    endloop
  endfacet
  facet normal 0.248731 0 -0.968573
    outer loop
      vertex 51.9847 51.9901 10.2013
      vertex 51.6502 -30.8 10.1154
      vertex 51.6502 51.9901 10.1154
    endloop
  endfacet
  facet normal -0.125332 0 0.992115
    outer loop
      vertex 52.6727 51.9901 4.75543
      vertex 53.0153 -30.8 4.79871
      vertex 53.0153 51.9901 4.79871
    endloop
  endfacet
  facet normal -0.125332 0 0.992115
    outer loop
      vertex 53.0153 -30.8 4.79871
      vertex 52.6727 51.9901 4.75543
      vertex 52.6727 -30.8 4.75543
    endloop
  endfacet
  facet normal -0.368143 0 0.929769
    outer loop
      vertex 53.3498 51.9901 4.88459
      vertex 53.6709 -30.8 5.01173
      vertex 53.6709 51.9901 5.01173
    endloop
  endfacet
  facet normal -0.368143 0 0.929769
    outer loop
      vertex 53.6709 -30.8 5.01173
      vertex 53.3498 51.9901 4.88459
      vertex 53.3498 -30.8 4.88459
    endloop
  endfacet
  facet normal -0.951071 0 -0.308973
    outer loop
      vertex 55.0569 -30.8 8.51234
      vertex 55.1636 51.946 8.1839
      vertex 55.1636 -30.8 8.1839
    endloop
  endfacet
  facet normal -0.951071 0 -0.308973
    outer loop
      vertex 55.1636 51.946 8.1839
      vertex 55.0569 -30.8 8.51234
      vertex 55.0569 51.9594 8.51234
    endloop
  endfacet
  facet normal -0.982293 0 -0.187349
    outer loop
      vertex 55.1636 -30.8 8.1839
      vertex 55.2283 51.9378 7.84467
      vertex 55.2283 -30.8 7.84467
    endloop
  endfacet
  facet normal -0.982293 0 -0.187349
    outer loop
      vertex 55.2283 51.9378 7.84467
      vertex 55.1636 -30.8 8.1839
      vertex 55.1636 51.946 8.1839
    endloop
  endfacet
  facet normal -0.770554 0 -0.637374
    outer loop
      vertex 54.7248 -30.8 9.11641
      vertex 54.5047 51.9901 9.3825
      vertex 54.7248 51.9901 9.11641
    endloop
  endfacet
  facet normal -0.770554 -0 -0.637374
    outer loop
      vertex 54.5047 51.9901 9.3825
      vertex 54.7248 -30.8 9.11641
      vertex 54.5047 -30.8 9.3825
    endloop
  endfacet
  facet normal -0.844175 0.00952368 -0.535984
    outer loop
      vertex 54.9098 51.978 8.82482
      vertex 54.7248 51.9901 9.11641
      vertex 54.814 51.9901 8.97592
    endloop
  endfacet
  facet normal -0.844392 0 -0.535726
    outer loop
      vertex 54.7248 -30.8 9.11641
      vertex 54.9098 51.978 8.82482
      vertex 54.9098 -30.8 8.82482
    endloop
  endfacet
  facet normal -0.844392 0 -0.535726
    outer loop
      vertex 54.9098 51.978 8.82482
      vertex 54.7248 -30.8 9.11641
      vertex 54.7248 51.9901 9.11641
    endloop
  endfacet
  facet normal -0.248731 0 -0.968573
    outer loop
      vertex 53.0153 -30.8 10.2013
      vertex 53.3498 51.9901 10.1154
      vertex 53.3498 -30.8 10.1154
    endloop
  endfacet
  facet normal -0.248731 0 -0.968573
    outer loop
      vertex 53.3498 51.9901 10.1154
      vertex 53.0153 -30.8 10.2013
      vertex 53.0153 51.9901 10.2013
    endloop
  endfacet
  facet normal -0.125389 0 -0.992108
    outer loop
      vertex 52.6727 -30.8 10.2446
      vertex 53.0153 51.9901 10.2013
      vertex 53.0153 -30.8 10.2013
    endloop
  endfacet
  facet normal -0.125389 0 -0.992108
    outer loop
      vertex 53.0153 51.9901 10.2013
      vertex 52.6727 -30.8 10.2446
      vertex 52.6727 51.9901 10.2446
    endloop
  endfacet
  facet normal -0.481785 0 -0.876289
    outer loop
      vertex 53.6709 -30.8 9.98827
      vertex 53.9735 51.9901 9.8219
      vertex 53.9735 -30.8 9.8219
    endloop
  endfacet
  facet normal -0.481785 0 -0.876289
    outer loop
      vertex 53.9735 51.9901 9.8219
      vertex 53.6709 -30.8 9.98827
      vertex 53.6709 51.9901 9.98827
    endloop
  endfacet
  facet normal 0.844392 0 -0.535726
    outer loop
      vertex 50.2752 -30.8 9.11641
      vertex 50.0902 51.9901 8.82482
      vertex 50.2752 51.9901 9.11641
    endloop
  endfacet
  facet normal 0.844392 0 -0.535726
    outer loop
      vertex 50.0902 51.9901 8.82482
      vertex 50.2752 -30.8 9.11641
      vertex 50.0902 -30.8 8.82482
    endloop
  endfacet
  facet normal 0.951071 0 -0.308973
    outer loop
      vertex 49.9431 -30.8 8.51234
      vertex 49.8364 51.9901 8.1839
      vertex 49.9431 51.9901 8.51234
    endloop
  endfacet
  facet normal 0.951071 0 -0.308973
    outer loop
      vertex 49.8364 51.9901 8.1839
      vertex 49.9431 -30.8 8.51234
      vertex 49.8364 -30.8 8.1839
    endloop
  endfacet
  facet normal 0.982293 0 -0.187349
    outer loop
      vertex 49.8364 -30.8 8.1839
      vertex 49.7717 51.9901 7.84467
      vertex 49.8364 51.9901 8.1839
    endloop
  endfacet
  facet normal 0.982293 0 -0.187349
    outer loop
      vertex 49.7717 51.9901 7.84467
      vertex 49.8364 -30.8 8.1839
      vertex 49.7717 -30.8 7.84467
    endloop
  endfacet
  facet normal 0.587774 0 -0.809025
    outer loop
      vertex 50.7471 -30.8 9.61891
      vertex 51.0265 51.9901 9.8219
      vertex 51.0265 -30.8 9.8219
    endloop
  endfacet
  facet normal 0.587774 0 -0.809025
    outer loop
      vertex 51.0265 51.9901 9.8219
      vertex 50.7471 -30.8 9.61891
      vertex 50.7471 51.9901 9.61891
    endloop
  endfacet
  facet normal 0.125389 0 -0.992108
    outer loop
      vertex 51.9847 -30.8 10.2013
      vertex 52.3273 51.9901 10.2446
      vertex 52.3273 -30.8 10.2446
    endloop
  endfacet
  facet normal 0.125389 0 -0.992108
    outer loop
      vertex 52.3273 51.9901 10.2446
      vertex 51.9847 -30.8 10.2013
      vertex 51.9847 51.9901 10.2013
    endloop
  endfacet
  facet normal -0.998024 0 0.0628344
    outer loop
      vertex 55.2283 -30.8 7.15533
      vertex 55.25 51.935 7.5
      vertex 55.2283 51.9378 7.15533
    endloop
  endfacet
  facet normal -0.998024 0 0.0628344
    outer loop
      vertex 55.25 51.935 7.5
      vertex 55.2283 -30.8 7.15533
      vertex 55.25 -30.8 7.5
    endloop
  endfacet
  facet normal -0.770554 0 0.637374
    outer loop
      vertex 54.5047 -30.8 5.6175
      vertex 54.7248 51.9901 5.88359
      vertex 54.5047 51.9901 5.6175
    endloop
  endfacet
  facet normal -0.770554 0 0.637374
    outer loop
      vertex 54.7248 51.9901 5.88359
      vertex 54.5047 -30.8 5.6175
      vertex 54.7248 -30.8 5.88359
    endloop
  endfacet
  facet normal 0.904762 -0 0.425917
    outer loop
      vertex 49.9431 -30.8 6.48766
      vertex 50.0902 51.9901 6.17518
      vertex 49.9431 51.9901 6.48766
    endloop
  endfacet
  facet normal 0.904762 0 0.425917
    outer loop
      vertex 50.0902 51.9901 6.17518
      vertex 49.9431 -30.8 6.48766
      vertex 50.0902 -30.8 6.17518
    endloop
  endfacet
  facet normal 0.770554 -0 0.637374
    outer loop
      vertex 50.2752 -30.8 5.88359
      vertex 50.4953 51.9901 5.6175
      vertex 50.2752 51.9901 5.88359
    endloop
  endfacet
  facet normal 0.770554 0 0.637374
    outer loop
      vertex 50.4953 51.9901 5.6175
      vertex 50.2752 -30.8 5.88359
      vertex 50.4953 -30.8 5.6175
    endloop
  endfacet
  facet normal -0.481785 0 0.876289
    outer loop
      vertex 53.6709 51.9901 5.01173
      vertex 53.9735 -30.8 5.1781
      vertex 53.9735 51.9901 5.1781
    endloop
  endfacet
  facet normal -0.481785 0 0.876289
    outer loop
      vertex 53.9735 -30.8 5.1781
      vertex 53.6709 51.9901 5.01173
      vertex 53.6709 -30.8 5.01173
    endloop
  endfacet
  facet normal -0.951071 0 0.308973
    outer loop
      vertex 55.0569 -30.8 6.48766
      vertex 55.1636 51.946 6.8161
      vertex 55.0569 51.9594 6.48766
    endloop
  endfacet
  facet normal -0.951071 0 0.308973
    outer loop
      vertex 55.1636 51.946 6.8161
      vertex 55.0569 -30.8 6.48766
      vertex 55.1636 -30.8 6.8161
    endloop
  endfacet
  facet normal -0.844175 0.00952368 0.535984
    outer loop
      vertex 54.7248 51.9901 5.88359
      vertex 54.9098 51.978 6.17518
      vertex 54.814 51.9901 6.02408
    endloop
  endfacet
  facet normal -0.844392 0 0.535726
    outer loop
      vertex 54.7248 -30.8 5.88359
      vertex 54.9098 51.978 6.17518
      vertex 54.7248 51.9901 5.88359
    endloop
  endfacet
  facet normal -0.844392 0 0.535726
    outer loop
      vertex 54.9098 51.978 6.17518
      vertex 54.7248 -30.8 5.88359
      vertex 54.9098 -30.8 6.17518
    endloop
  endfacet
  facet normal 0.982293 -0 0.187349
    outer loop
      vertex 49.7717 -30.8 7.15533
      vertex 49.8364 51.9901 6.8161
      vertex 49.7717 51.9901 7.15533
    endloop
  endfacet
  facet normal 0.982293 0 0.187349
    outer loop
      vertex 49.8364 51.9901 6.8161
      vertex 49.7717 -30.8 7.15533
      vertex 49.8364 -30.8 6.8161
    endloop
  endfacet
  facet normal 0.998024 -0 0.0628344
    outer loop
      vertex 49.75 -30.8 7.5
      vertex 49.7717 51.9901 7.15533
      vertex 49.75 51.9901 7.5
    endloop
  endfacet
  facet normal 0.998024 0 0.0628344
    outer loop
      vertex 49.7717 51.9901 7.15533
      vertex 49.75 -30.8 7.5
      vertex 49.7717 -30.8 7.15533
    endloop
  endfacet
  facet normal 0.951071 -0 0.308973
    outer loop
      vertex 49.8364 -30.8 6.8161
      vertex 49.9431 51.9901 6.48766
      vertex 49.8364 51.9901 6.8161
    endloop
  endfacet
  facet normal 0.951071 0 0.308973
    outer loop
      vertex 49.9431 51.9901 6.48766
      vertex 49.8364 -30.8 6.8161
      vertex 49.9431 -30.8 6.48766
    endloop
  endfacet
  facet normal -0.587774 0 0.809025
    outer loop
      vertex 53.9735 51.9901 5.1781
      vertex 54.2529 -30.8 5.38109
      vertex 54.2529 51.9901 5.38109
    endloop
  endfacet
  facet normal -0.587774 0 0.809025
    outer loop
      vertex 54.2529 -30.8 5.38109
      vertex 53.9735 51.9901 5.1781
      vertex 53.9735 -30.8 5.1781
    endloop
  endfacet
  facet normal -0.248676 0 0.968587
    outer loop
      vertex 53.0153 51.9901 4.79871
      vertex 53.3498 -30.8 4.88459
      vertex 53.3498 51.9901 4.88459
    endloop
  endfacet
  facet normal -0.248676 0 0.968587
    outer loop
      vertex 53.3498 -30.8 4.88459
      vertex 53.0153 51.9901 4.79871
      vertex 53.0153 -30.8 4.79871
    endloop
  endfacet
  facet normal -0.982293 0 0.187349
    outer loop
      vertex 55.1636 -30.8 6.8161
      vertex 55.2283 51.9378 7.15533
      vertex 55.1636 51.946 6.8161
    endloop
  endfacet
  facet normal -0.982293 0 0.187349
    outer loop
      vertex 55.2283 51.9378 7.15533
      vertex 55.1636 -30.8 6.8161
      vertex 55.2283 -30.8 7.15533
    endloop
  endfacet
  facet normal 0.248676 0 0.968587
    outer loop
      vertex 51.6502 51.9901 4.88459
      vertex 51.9847 -30.8 4.79871
      vertex 51.9847 51.9901 4.79871
    endloop
  endfacet
  facet normal 0.248676 0 0.968587
    outer loop
      vertex 51.9847 -30.8 4.79871
      vertex 51.6502 51.9901 4.88459
      vertex 51.6502 -30.8 4.88459
    endloop
  endfacet
  facet normal 0.844392 -0 0.535726
    outer loop
      vertex 50.0902 -30.8 6.17518
      vertex 50.2752 51.9901 5.88359
      vertex 50.0902 51.9901 6.17518
    endloop
  endfacet
  facet normal 0.844392 0 0.535726
    outer loop
      vertex 50.2752 51.9901 5.88359
      vertex 50.0902 -30.8 6.17518
      vertex 50.2752 -30.8 5.88359
    endloop
  endfacet
  facet normal 0.684476 0 0.729035
    outer loop
      vertex 50.4953 51.9901 5.6175
      vertex 50.7471 -30.8 5.38109
      vertex 50.7471 51.9901 5.38109
    endloop
  endfacet
  facet normal 0.684476 0 0.729035
    outer loop
      vertex 50.7471 -30.8 5.38109
      vertex 50.4953 51.9901 5.6175
      vertex 50.4953 -30.8 5.6175
    endloop
  endfacet
  facet normal 0.481785 0 0.876289
    outer loop
      vertex 51.0265 51.9901 5.1781
      vertex 51.3291 -30.8 5.01173
      vertex 51.3291 51.9901 5.01173
    endloop
  endfacet
  facet normal 0.481785 0 0.876289
    outer loop
      vertex 51.3291 -30.8 5.01173
      vertex 51.0265 51.9901 5.1781
      vertex 51.0265 -30.8 5.1781
    endloop
  endfacet
  facet normal 0.125332 0 0.992115
    outer loop
      vertex 51.9847 51.9901 4.79871
      vertex 52.3273 -30.8 4.75543
      vertex 52.3273 51.9901 4.75543
    endloop
  endfacet
  facet normal 0.125332 0 0.992115
    outer loop
      vertex 52.3273 -30.8 4.75543
      vertex 51.9847 51.9901 4.79871
      vertex 51.9847 -30.8 4.79871
    endloop
  endfacet
  facet normal 0.587774 0 0.809025
    outer loop
      vertex 50.7471 51.9901 5.38109
      vertex 51.0265 -30.8 5.1781
      vertex 51.0265 51.9901 5.1781
    endloop
  endfacet
  facet normal 0.587774 0 0.809025
    outer loop
      vertex 51.0265 -30.8 5.1781
      vertex 50.7471 51.9901 5.38109
      vertex 50.7471 -30.8 5.38109
    endloop
  endfacet
  facet normal 0.368143 0 0.929769
    outer loop
      vertex 51.3291 51.9901 5.01173
      vertex 51.6502 -30.8 4.88459
      vertex 51.6502 51.9901 4.88459
    endloop
  endfacet
  facet normal 0.368143 0 0.929769
    outer loop
      vertex 51.6502 -30.8 4.88459
      vertex 51.3291 51.9901 5.01173
      vertex 51.3291 -30.8 5.01173
    endloop
  endfacet
  facet normal -0.998027 -0.0627819 0
    outer loop
      vertex 47.5 0 0
      vertex 47.1255 5.95333 15
      vertex 47.1255 5.95333 0
    endloop
  endfacet
  facet normal -0.998027 -0.0627819 0
    outer loop
      vertex 47.1255 5.95333 15
      vertex 47.5 0 0
      vertex 47.5 0 15
    endloop
  endfacet
  facet normal 0.998027 -0.0627819 0
    outer loop
      vertex -47.5 0 15
      vertex -47.1255 5.95333 0
      vertex -47.1255 5.95333 15
    endloop
  endfacet
  facet normal 0.998027 -0.0627819 0
    outer loop
      vertex -47.1255 5.95333 0
      vertex -47.5 0 15
      vertex -47.5 0 0
    endloop
  endfacet
  facet normal 0 -1 0
    outer loop
      vertex -2.98255 47.4063 0
      vertex 2.98255 47.4063 15
      vertex -2.98255 47.4063 15
    endloop
  endfacet
  facet normal 0 -1 -0
    outer loop
      vertex 2.98255 47.4063 15
      vertex -2.98255 47.4063 0
      vertex 2.98255 47.4063 0
    endloop
  endfacet
  facet normal 0 1 -0
    outer loop
      vertex 2.98255 -47.4063 0
      vertex -2.98255 -47.4063 15
      vertex 2.98255 -47.4063 15
    endloop
  endfacet
  facet normal 0 1 0
    outer loop
      vertex -2.98255 -47.4063 15
      vertex 2.98255 -47.4063 0
      vertex -2.98255 -47.4063 0
    endloop
  endfacet
  facet normal -0.770514 0.637423 0
    outer loop
      vertex 34.626 -32.516 0
      vertex 38.4283 -27.9198 15
      vertex 38.4283 -27.9198 0
    endloop
  endfacet
  facet normal -0.770514 0.637423 0
    outer loop
      vertex 38.4283 -27.9198 15
      vertex 34.626 -32.516 0
      vertex 34.626 -32.516 15
    endloop
  endfacet
  facet normal -0.684545 -0.72897 0
    outer loop
      vertex 30.2776 36.5994 0
      vertex 34.626 32.516 15
      vertex 30.2776 36.5994 15
    endloop
  endfacet
  facet normal -0.684545 -0.72897 -0
    outer loop
      vertex 34.626 32.516 15
      vertex 30.2776 36.5994 0
      vertex 34.626 32.516 0
    endloop
  endfacet
  facet normal 0.684545 -0.72897 0
    outer loop
      vertex -34.626 32.516 0
      vertex -30.2776 36.5994 15
      vertex -34.626 32.516 15
    endloop
  endfacet
  facet normal 0.684545 -0.72897 0
    outer loop
      vertex -30.2776 36.5994 15
      vertex -34.626 32.516 0
      vertex -30.2776 36.5994 0
    endloop
  endfacet
  facet normal 0.368125 -0.929776 0
    outer loop
      vertex -20.2245 42.9793 0
      vertex -14.6783 45.1752 15
      vertex -20.2245 42.9793 15
    endloop
  endfacet
  facet normal 0.368125 -0.929776 0
    outer loop
      vertex -14.6783 45.1752 15
      vertex -20.2245 42.9793 0
      vertex -14.6783 45.1752 0
    endloop
  endfacet
  facet normal -0.904829 -0.425776 0
    outer loop
      vertex 44.1644 17.4859 0
      vertex 41.6246 22.8833 15
      vertex 41.6246 22.8833 0
    endloop
  endfacet
  facet normal -0.904829 -0.425776 0
    outer loop
      vertex 41.6246 22.8833 15
      vertex 44.1644 17.4859 0
      vertex 44.1644 17.4859 15
    endloop
  endfacet
  facet normal -0.368125 -0.929776 0
    outer loop
      vertex 14.6783 45.1752 0
      vertex 20.2245 42.9793 15
      vertex 14.6783 45.1752 15
    endloop
  endfacet
  facet normal -0.368125 -0.929776 -0
    outer loop
      vertex 20.2245 42.9793 15
      vertex 14.6783 45.1752 0
      vertex 20.2245 42.9793 0
    endloop
  endfacet
  facet normal -0.481749 -0.876309 0
    outer loop
      vertex 20.2245 42.9793 0
      vertex 25.4518 40.1056 15
      vertex 20.2245 42.9793 15
    endloop
  endfacet
  facet normal -0.481749 -0.876309 -0
    outer loop
      vertex 25.4518 40.1056 15
      vertex 20.2245 42.9793 0
      vertex 25.4518 40.1056 0
    endloop
  endfacet
  facet normal 0.904829 -0.425776 0
    outer loop
      vertex -44.1644 17.4859 15
      vertex -41.6246 22.8833 0
      vertex -41.6246 22.8833 15
    endloop
  endfacet
  facet normal 0.904829 -0.425776 0
    outer loop
      vertex -41.6246 22.8833 0
      vertex -44.1644 17.4859 15
      vertex -44.1644 17.4859 0
    endloop
  endfacet
  facet normal 0.248681 -0.968586 0
    outer loop
      vertex -14.6783 45.1752 0
      vertex -8.90061 46.6586 15
      vertex -14.6783 45.1752 15
    endloop
  endfacet
  facet normal 0.248681 -0.968586 0
    outer loop
      vertex -8.90061 46.6586 15
      vertex -14.6783 45.1752 0
      vertex -8.90061 46.6586 0
    endloop
  endfacet
  facet normal -0.982286 0.187389 0
    outer loop
      vertex 46.0077 -11.8128 0
      vertex 47.1255 -5.95333 15
      vertex 47.1255 -5.95333 0
    endloop
  endfacet
  facet normal -0.982286 0.187389 0
    outer loop
      vertex 47.1255 -5.95333 15
      vertex 46.0077 -11.8128 0
      vertex 46.0077 -11.8128 15
    endloop
  endfacet
  facet normal -0.951057 -0.309017 0
    outer loop
      vertex 46.0077 11.8128 0
      vertex 44.1644 17.4859 15
      vertex 44.1644 17.4859 0
    endloop
  endfacet
  facet normal -0.951057 -0.309017 0
    outer loop
      vertex 44.1644 17.4859 15
      vertex 46.0077 11.8128 0
      vertex 46.0077 11.8128 15
    endloop
  endfacet
  facet normal -0.982286 -0.187389 0
    outer loop
      vertex 47.1255 5.95333 0
      vertex 46.0077 11.8128 15
      vertex 46.0077 11.8128 0
    endloop
  endfacet
  facet normal -0.982286 -0.187389 0
    outer loop
      vertex 46.0077 11.8128 15
      vertex 47.1255 5.95333 0
      vertex 47.1255 5.95333 15
    endloop
  endfacet
  facet normal -0.770514 -0.637423 0
    outer loop
      vertex 38.4283 27.9198 0
      vertex 34.626 32.516 15
      vertex 34.626 32.516 0
    endloop
  endfacet
  facet normal -0.770514 -0.637423 0
    outer loop
      vertex 34.626 32.516 15
      vertex 38.4283 27.9198 0
      vertex 38.4283 27.9198 15
    endloop
  endfacet
  facet normal -0.844325 -0.535832 0
    outer loop
      vertex 41.6246 22.8833 0
      vertex 38.4283 27.9198 15
      vertex 38.4283 27.9198 0
    endloop
  endfacet
  facet normal -0.844325 -0.535832 0
    outer loop
      vertex 38.4283 27.9198 15
      vertex 41.6246 22.8833 0
      vertex 41.6246 22.8833 15
    endloop
  endfacet
  facet normal -0.248681 -0.968586 0
    outer loop
      vertex 8.90061 46.6586 0
      vertex 14.6783 45.1752 15
      vertex 8.90061 46.6586 15
    endloop
  endfacet
  facet normal -0.248681 -0.968586 -0
    outer loop
      vertex 14.6783 45.1752 15
      vertex 8.90061 46.6586 0
      vertex 14.6783 45.1752 0
    endloop
  endfacet
  facet normal -0.125346 -0.992113 0
    outer loop
      vertex 2.98255 47.4063 0
      vertex 8.90061 46.6586 15
      vertex 2.98255 47.4063 15
    endloop
  endfacet
  facet normal -0.125346 -0.992113 -0
    outer loop
      vertex 8.90061 46.6586 15
      vertex 2.98255 47.4063 0
      vertex 8.90061 46.6586 0
    endloop
  endfacet
  facet normal -0.587791 -0.809013 0
    outer loop
      vertex 25.4518 40.1056 0
      vertex 30.2776 36.5994 15
      vertex 25.4518 40.1056 15
    endloop
  endfacet
  facet normal -0.587791 -0.809013 -0
    outer loop
      vertex 30.2776 36.5994 15
      vertex 25.4518 40.1056 0
      vertex 30.2776 36.5994 0
    endloop
  endfacet
  facet normal 0.844325 -0.535832 0
    outer loop
      vertex -41.6246 22.8833 15
      vertex -38.4283 27.9198 0
      vertex -38.4283 27.9198 15
    endloop
  endfacet
  facet normal 0.844325 -0.535832 0
    outer loop
      vertex -38.4283 27.9198 0
      vertex -41.6246 22.8833 15
      vertex -41.6246 22.8833 0
    endloop
  endfacet
  facet normal 0.770514 -0.637423 0
    outer loop
      vertex -38.4283 27.9198 15
      vertex -34.626 32.516 0
      vertex -34.626 32.516 15
    endloop
  endfacet
  facet normal 0.770514 -0.637423 0
    outer loop
      vertex -34.626 32.516 0
      vertex -38.4283 27.9198 15
      vertex -38.4283 27.9198 0
    endloop
  endfacet
  facet normal 0.951057 -0.309017 0
    outer loop
      vertex -46.0077 11.8128 15
      vertex -44.1644 17.4859 0
      vertex -44.1644 17.4859 15
    endloop
  endfacet
  facet normal 0.951057 -0.309017 0
    outer loop
      vertex -44.1644 17.4859 0
      vertex -46.0077 11.8128 15
      vertex -46.0077 11.8128 0
    endloop
  endfacet
  facet normal 0.982286 -0.187389 0
    outer loop
      vertex -47.1255 5.95333 15
      vertex -46.0077 11.8128 0
      vertex -46.0077 11.8128 15
    endloop
  endfacet
  facet normal 0.982286 -0.187389 0
    outer loop
      vertex -46.0077 11.8128 0
      vertex -47.1255 5.95333 15
      vertex -47.1255 5.95333 0
    endloop
  endfacet
  facet normal 0.481749 -0.876309 0
    outer loop
      vertex -25.4518 40.1056 0
      vertex -20.2245 42.9793 15
      vertex -25.4518 40.1056 15
    endloop
  endfacet
  facet normal 0.481749 -0.876309 0
    outer loop
      vertex -20.2245 42.9793 15
      vertex -25.4518 40.1056 0
      vertex -20.2245 42.9793 0
    endloop
  endfacet
  facet normal 0.587791 -0.809013 0
    outer loop
      vertex -30.2776 36.5994 0
      vertex -25.4518 40.1056 15
      vertex -30.2776 36.5994 15
    endloop
  endfacet
  facet normal 0.587791 -0.809013 0
    outer loop
      vertex -25.4518 40.1056 15
      vertex -30.2776 36.5994 0
      vertex -25.4518 40.1056 0
    endloop
  endfacet
  facet normal 0.125346 -0.992113 0
    outer loop
      vertex -8.90061 46.6586 0
      vertex -2.98255 47.4063 15
      vertex -8.90061 46.6586 15
    endloop
  endfacet
  facet normal 0.125346 -0.992113 0
    outer loop
      vertex -2.98255 47.4063 15
      vertex -8.90061 46.6586 0
      vertex -2.98255 47.4063 0
    endloop
  endfacet
  facet normal -0.998027 0.0627819 0
    outer loop
      vertex 47.1255 -5.95333 0
      vertex 47.5 0 15
      vertex 47.5 0 0
    endloop
  endfacet
  facet normal -0.998027 0.0627819 0
    outer loop
      vertex 47.5 0 15
      vertex 47.1255 -5.95333 0
      vertex 47.1255 -5.95333 15
    endloop
  endfacet
  facet normal 0.904829 0.425776 0
    outer loop
      vertex -41.6246 -22.8833 15
      vertex -44.1644 -17.4859 0
      vertex -44.1644 -17.4859 15
    endloop
  endfacet
  facet normal 0.904829 0.425776 0
    outer loop
      vertex -44.1644 -17.4859 0
      vertex -41.6246 -22.8833 15
      vertex -41.6246 -22.8833 0
    endloop
  endfacet
  facet normal 0.998027 0.0627819 0
    outer loop
      vertex -47.1255 -5.95333 15
      vertex -47.5 0 0
      vertex -47.5 0 15
    endloop
  endfacet
  facet normal 0.998027 0.0627819 0
    outer loop
      vertex -47.5 0 0
      vertex -47.1255 -5.95333 15
      vertex -47.1255 -5.95333 0
    endloop
  endfacet
  facet normal -0.481749 0.876309 0
    outer loop
      vertex 25.4518 -40.1056 0
      vertex 20.2245 -42.9793 15
      vertex 25.4518 -40.1056 15
    endloop
  endfacet
  facet normal -0.481749 0.876309 0
    outer loop
      vertex 20.2245 -42.9793 15
      vertex 25.4518 -40.1056 0
      vertex 20.2245 -42.9793 0
    endloop
  endfacet
  facet normal -0.904829 0.425776 0
    outer loop
      vertex 41.6246 -22.8833 0
      vertex 44.1644 -17.4859 15
      vertex 44.1644 -17.4859 0
    endloop
  endfacet
  facet normal -0.904829 0.425776 0
    outer loop
      vertex 44.1644 -17.4859 15
      vertex 41.6246 -22.8833 0
      vertex 41.6246 -22.8833 15
    endloop
  endfacet
  facet normal -0.951057 0.309017 0
    outer loop
      vertex 44.1644 -17.4859 0
      vertex 46.0077 -11.8128 15
      vertex 46.0077 -11.8128 0
    endloop
  endfacet
  facet normal -0.951057 0.309017 0
    outer loop
      vertex 46.0077 -11.8128 15
      vertex 44.1644 -17.4859 0
      vertex 44.1644 -17.4859 15
    endloop
  endfacet
  facet normal 0.982286 0.187389 0
    outer loop
      vertex -46.0077 -11.8128 15
      vertex -47.1255 -5.95333 0
      vertex -47.1255 -5.95333 15
    endloop
  endfacet
  facet normal 0.982286 0.187389 0
    outer loop
      vertex -47.1255 -5.95333 0
      vertex -46.0077 -11.8128 15
      vertex -46.0077 -11.8128 0
    endloop
  endfacet
  facet normal 0.951057 0.309017 0
    outer loop
      vertex -44.1644 -17.4859 15
      vertex -46.0077 -11.8128 0
      vertex -46.0077 -11.8128 15
    endloop
  endfacet
  facet normal 0.951057 0.309017 0
    outer loop
      vertex -46.0077 -11.8128 0
      vertex -44.1644 -17.4859 15
      vertex -44.1644 -17.4859 0
    endloop
  endfacet
  facet normal -0.684545 0.72897 0
    outer loop
      vertex 34.626 -32.516 0
      vertex 30.2776 -36.5994 15
      vertex 34.626 -32.516 15
    endloop
  endfacet
  facet normal -0.684545 0.72897 0
    outer loop
      vertex 30.2776 -36.5994 15
      vertex 34.626 -32.516 0
      vertex 30.2776 -36.5994 0
    endloop
  endfacet
  facet normal -0.368125 0.929776 0
    outer loop
      vertex 20.2245 -42.9793 0
      vertex 14.6783 -45.1752 15
      vertex 20.2245 -42.9793 15
    endloop
  endfacet
  facet normal -0.368125 0.929776 0
    outer loop
      vertex 14.6783 -45.1752 15
      vertex 20.2245 -42.9793 0
      vertex 14.6783 -45.1752 0
    endloop
  endfacet
  facet normal -0.248681 0.968586 0
    outer loop
      vertex 14.6783 -45.1752 0
      vertex 8.90061 -46.6586 15
      vertex 14.6783 -45.1752 15
    endloop
  endfacet
  facet normal -0.248681 0.968586 0
    outer loop
      vertex 8.90061 -46.6586 15
      vertex 14.6783 -45.1752 0
      vertex 8.90061 -46.6586 0
    endloop
  endfacet
  facet normal -0.125346 0.992113 0
    outer loop
      vertex 8.90061 -46.6586 0
      vertex 2.98255 -47.4063 15
      vertex 8.90061 -46.6586 15
    endloop
  endfacet
  facet normal -0.125346 0.992113 0
    outer loop
      vertex 2.98255 -47.4063 15
      vertex 8.90061 -46.6586 0
      vertex 2.98255 -47.4063 0
    endloop
  endfacet
  facet normal 0.125346 0.992113 -0
    outer loop
      vertex -2.98255 -47.4063 0
      vertex -8.90061 -46.6586 15
      vertex -2.98255 -47.4063 15
    endloop
  endfacet
  facet normal 0.125346 0.992113 0
    outer loop
      vertex -8.90061 -46.6586 15
      vertex -2.98255 -47.4063 0
      vertex -8.90061 -46.6586 0
    endloop
  endfacet
  facet normal 0.368125 0.929776 -0
    outer loop
      vertex -14.6783 -45.1752 0
      vertex -20.2245 -42.9793 15
      vertex -14.6783 -45.1752 15
    endloop
  endfacet
  facet normal 0.368125 0.929776 0
    outer loop
      vertex -20.2245 -42.9793 15
      vertex -14.6783 -45.1752 0
      vertex -20.2245 -42.9793 0
    endloop
  endfacet
  facet normal 0.248681 0.968586 -0
    outer loop
      vertex -8.90061 -46.6586 0
      vertex -14.6783 -45.1752 15
      vertex -8.90061 -46.6586 15
    endloop
  endfacet
  facet normal 0.248681 0.968586 0
    outer loop
      vertex -14.6783 -45.1752 15
      vertex -8.90061 -46.6586 0
      vertex -14.6783 -45.1752 0
    endloop
  endfacet
  facet normal 0.684545 0.72897 -0
    outer loop
      vertex -30.2776 -36.5994 0
      vertex -34.626 -32.516 15
      vertex -30.2776 -36.5994 15
    endloop
  endfacet
  facet normal 0.684545 0.72897 0
    outer loop
      vertex -34.626 -32.516 15
      vertex -30.2776 -36.5994 0
      vertex -34.626 -32.516 0
    endloop
  endfacet
  facet normal -0.587791 0.809013 0
    outer loop
      vertex 30.2776 -36.5994 0
      vertex 25.4518 -40.1056 15
      vertex 30.2776 -36.5994 15
    endloop
  endfacet
  facet normal -0.587791 0.809013 0
    outer loop
      vertex 25.4518 -40.1056 15
      vertex 30.2776 -36.5994 0
      vertex 25.4518 -40.1056 0
    endloop
  endfacet
  facet normal 0.844325 0.535832 0
    outer loop
      vertex -38.4283 -27.9198 15
      vertex -41.6246 -22.8833 0
      vertex -41.6246 -22.8833 15
    endloop
  endfacet
  facet normal 0.844325 0.535832 0
    outer loop
      vertex -41.6246 -22.8833 0
      vertex -38.4283 -27.9198 15
      vertex -38.4283 -27.9198 0
    endloop
  endfacet
  facet normal 0.770514 0.637423 0
    outer loop
      vertex -34.626 -32.516 15
      vertex -38.4283 -27.9198 0
      vertex -38.4283 -27.9198 15
    endloop
  endfacet
  facet normal 0.770514 0.637423 0
    outer loop
      vertex -38.4283 -27.9198 0
      vertex -34.626 -32.516 15
      vertex -34.626 -32.516 0
    endloop
  endfacet
  facet normal -0.844325 0.535832 0
    outer loop
      vertex 38.4283 -27.9198 0
      vertex 41.6246 -22.8833 15
      vertex 41.6246 -22.8833 0
    endloop
  endfacet
  facet normal -0.844325 0.535832 0
    outer loop
      vertex 41.6246 -22.8833 15
      vertex 38.4283 -27.9198 0
      vertex 38.4283 -27.9198 15
    endloop
  endfacet
  facet normal 0.481749 0.876309 -0
    outer loop
      vertex -20.2245 -42.9793 0
      vertex -25.4518 -40.1056 15
      vertex -20.2245 -42.9793 15
    endloop
  endfacet
  facet normal 0.481749 0.876309 0
    outer loop
      vertex -25.4518 -40.1056 15
      vertex -20.2245 -42.9793 0
      vertex -25.4518 -40.1056 0
    endloop
  endfacet
  facet normal 0.587791 0.809013 -0
    outer loop
      vertex -25.4518 -40.1056 0
      vertex -30.2776 -36.5994 15
      vertex -25.4518 -40.1056 15
    endloop
  endfacet
  facet normal 0.587791 0.809013 0
    outer loop
      vertex -30.2776 -36.5994 15
      vertex -25.4518 -40.1056 0
      vertex -30.2776 -36.5994 0
    endloop
  endfacet
  facet normal 0.125348 0.992113 0
    outer loop
      vertex 55.4369 51.9114 15
      vertex 54.814 51.9901 8.97592
      vertex 54.814 51.9901 15
    endloop
  endfacet
  facet normal 0.125315 0.992117 3.50301e-06
    outer loop
      vertex 55.4369 51.9114 15
      vertex 54.9098 51.978 8.82482
      vertex 54.814 51.9901 8.97592
    endloop
  endfacet
  facet normal 0.125432 0.992102 -6.65668e-06
    outer loop
      vertex 55.4369 51.9114 15
      vertex 55.0569 51.9594 8.51234
      vertex 54.9098 51.978 8.82482
    endloop
  endfacet
  facet normal 0.124716 0.992192 3.59455e-05
    outer loop
      vertex 55.4369 51.9114 15
      vertex 55.1636 51.946 8.1839
      vertex 55.0569 51.9594 8.51234
    endloop
  endfacet
  facet normal 0.12571 0.992067 -4.53548e-06
    outer loop
      vertex 55.4369 51.9114 15
      vertex 55.2283 51.9378 7.84467
      vertex 55.1636 51.946 8.1839
    endloop
  endfacet
  facet normal 0.127207 0.991876 -4.8902e-05
    outer loop
      vertex 55.4369 51.9114 15
      vertex 55.25 51.935 7.5
      vertex 55.2283 51.9378 7.84467
    endloop
  endfacet
  facet normal 0.125276 0.992122 -0
    outer loop
      vertex 55.4369 51.9114 0
      vertex 55.25 51.935 7.5
      vertex 55.4369 51.9114 15
    endloop
  endfacet
  facet normal 0.127207 0.991876 4.8902e-05
    outer loop
      vertex 55.4369 51.9114 0
      vertex 55.2283 51.9378 7.15533
      vertex 55.25 51.935 7.5
    endloop
  endfacet
  facet normal 0.12571 0.992067 4.53548e-06
    outer loop
      vertex 55.4369 51.9114 0
      vertex 55.1636 51.946 6.8161
      vertex 55.2283 51.9378 7.15533
    endloop
  endfacet
  facet normal 0.124716 0.992192 -3.59455e-05
    outer loop
      vertex 55.4369 51.9114 0
      vertex 55.0569 51.9594 6.48766
      vertex 55.1636 51.946 6.8161
    endloop
  endfacet
  facet normal 0.125432 0.992102 6.65668e-06
    outer loop
      vertex 55.4369 51.9114 0
      vertex 54.9098 51.978 6.17518
      vertex 55.0569 51.9594 6.48766
    endloop
  endfacet
  facet normal 0.125315 0.992117 -3.50301e-06
    outer loop
      vertex 55.4369 51.9114 0
      vertex 54.814 51.9901 6.02408
      vertex 54.9098 51.978 6.17518
    endloop
  endfacet
  facet normal 0.125348 0.992113 0
    outer loop
      vertex 54.814 51.9901 6.02408
      vertex 55.4369 51.9114 0
      vertex 54.814 51.9901 0
    endloop
  endfacet
  facet normal 0 1 0
    outer loop
      vertex 54.814 51.9901 0
      vertex 52.3273 51.9901 4.75543
      vertex 52.6727 51.9901 4.75543
    endloop
  endfacet
  facet normal 0 1 0
    outer loop
      vertex 52.3273 51.9901 4.75543
      vertex 54.814 51.9901 0
      vertex -52.3273 51.9901 4.75543
    endloop
  endfacet
  facet normal 0 1 0
    outer loop
      vertex -54.814 51.9901 0
      vertex -52.3273 51.9901 4.75543
      vertex 54.814 51.9901 0
    endloop
  endfacet
  facet normal 0 1 0
    outer loop
      vertex 53.0153 51.9901 4.79871
      vertex 54.814 51.9901 0
      vertex 52.6727 51.9901 4.75543
    endloop
  endfacet
  facet normal 0 1 0
    outer loop
      vertex 53.3498 51.9901 4.88459
      vertex 54.814 51.9901 0
      vertex 53.0153 51.9901 4.79871
    endloop
  endfacet
  facet normal 0 1 0
    outer loop
      vertex 53.6709 51.9901 5.01173
      vertex 54.814 51.9901 0
      vertex 53.3498 51.9901 4.88459
    endloop
  endfacet
  facet normal 0 1 0
    outer loop
      vertex 53.9735 51.9901 5.1781
      vertex 54.814 51.9901 0
      vertex 53.6709 51.9901 5.01173
    endloop
  endfacet
  facet normal 0 1 0
    outer loop
      vertex 54.2529 51.9901 5.38109
      vertex 54.814 51.9901 0
      vertex 53.9735 51.9901 5.1781
    endloop
  endfacet
  facet normal 0 1 0
    outer loop
      vertex 54.5047 51.9901 5.6175
      vertex 54.814 51.9901 0
      vertex 54.2529 51.9901 5.38109
    endloop
  endfacet
  facet normal 0 1 0
    outer loop
      vertex 54.7248 51.9901 5.88359
      vertex 54.814 51.9901 0
      vertex 54.5047 51.9901 5.6175
    endloop
  endfacet
  facet normal 0 1 -0
    outer loop
      vertex 54.814 51.9901 0
      vertex 54.7248 51.9901 5.88359
      vertex 54.814 51.9901 6.02408
    endloop
  endfacet
  facet normal 0 1 0
    outer loop
      vertex 51.3291 51.9901 9.98827
      vertex 54.814 51.9901 15
      vertex 51.6502 51.9901 10.1154
    endloop
  endfacet
  facet normal 0 1 0
    outer loop
      vertex -54.814 51.9901 15
      vertex -51.9847 51.9901 10.2013
      vertex -52.3273 51.9901 10.2446
    endloop
  endfacet
  facet normal 0 1 0
    outer loop
      vertex 51.0265 51.9901 9.8219
      vertex 54.814 51.9901 15
      vertex 51.3291 51.9901 9.98827
    endloop
  endfacet
  facet normal 0 1 0
    outer loop
      vertex -54.814 51.9901 15
      vertex -51.6502 51.9901 10.1154
      vertex -51.9847 51.9901 10.2013
    endloop
  endfacet
  facet normal 0 1 0
    outer loop
      vertex 50.7471 51.9901 9.61891
      vertex 54.814 51.9901 15
      vertex 51.0265 51.9901 9.8219
    endloop
  endfacet
  facet normal 0 1 0
    outer loop
      vertex -54.814 51.9901 15
      vertex -51.3291 51.9901 9.98827
      vertex -51.6502 51.9901 10.1154
    endloop
  endfacet
  facet normal 0 1 0
    outer loop
      vertex 50.4953 51.9901 9.3825
      vertex 54.814 51.9901 15
      vertex 50.7471 51.9901 9.61891
    endloop
  endfacet
  facet normal 0 1 0
    outer loop
      vertex -54.814 51.9901 15
      vertex -51.0265 51.9901 9.8219
      vertex -51.3291 51.9901 9.98827
    endloop
  endfacet
  facet normal 0 1 0
    outer loop
      vertex 54.814 51.9901 15
      vertex 50.4953 51.9901 9.3825
      vertex -54.814 51.9901 15
    endloop
  endfacet
  facet normal 0 1 0
    outer loop
      vertex -54.814 51.9901 15
      vertex -50.7471 51.9901 9.61891
      vertex -51.0265 51.9901 9.8219
    endloop
  endfacet
  facet normal 0 1 -0
    outer loop
      vertex -50.4953 51.9901 9.3825
      vertex -54.814 51.9901 15
      vertex 50.4953 51.9901 9.3825
    endloop
  endfacet
  facet normal 0 1 0
    outer loop
      vertex -54.814 51.9901 15
      vertex -50.4953 51.9901 9.3825
      vertex -50.7471 51.9901 9.61891
    endloop
  endfacet
  facet normal 0 1 -0
    outer loop
      vertex 50.2752 51.9901 9.11641
      vertex -50.4953 51.9901 9.3825
      vertex 50.4953 51.9901 9.3825
    endloop
  endfacet
  facet normal 0 1 0
    outer loop
      vertex 50.2752 51.9901 9.11641
      vertex -50.2752 51.9901 9.11641
      vertex -50.4953 51.9901 9.3825
    endloop
  endfacet
  facet normal 0 1 -0
    outer loop
      vertex 50.0902 51.9901 8.82482
      vertex -50.2752 51.9901 9.11641
      vertex 50.2752 51.9901 9.11641
    endloop
  endfacet
  facet normal 0 1 0
    outer loop
      vertex 50.0902 51.9901 8.82482
      vertex -50.0902 51.9901 8.82482
      vertex -50.2752 51.9901 9.11641
    endloop
  endfacet
  facet normal 0 1 -0
    outer loop
      vertex 49.9431 51.9901 8.51234
      vertex -50.0902 51.9901 8.82482
      vertex 50.0902 51.9901 8.82482
    endloop
  endfacet
  facet normal 0 1 0
    outer loop
      vertex 49.9431 51.9901 8.51234
      vertex -49.9431 51.9901 8.51234
      vertex -50.0902 51.9901 8.82482
    endloop
  endfacet
  facet normal 0 1 -0
    outer loop
      vertex 49.8364 51.9901 8.1839
      vertex -49.9431 51.9901 8.51234
      vertex 49.9431 51.9901 8.51234
    endloop
  endfacet
  facet normal 0 1 0
    outer loop
      vertex 49.8364 51.9901 8.1839
      vertex -49.8364 51.9901 8.1839
      vertex -49.9431 51.9901 8.51234
    endloop
  endfacet
  facet normal 0 1 -0
    outer loop
      vertex 49.7717 51.9901 7.84467
      vertex -49.8364 51.9901 8.1839
      vertex 49.8364 51.9901 8.1839
    endloop
  endfacet
  facet normal 0 1 0
    outer loop
      vertex 49.7717 51.9901 7.84467
      vertex -49.7717 51.9901 7.84467
      vertex -49.8364 51.9901 8.1839
    endloop
  endfacet
  facet normal 0 1 -0
    outer loop
      vertex 49.75 51.9901 7.5
      vertex -49.7717 51.9901 7.84467
      vertex 49.7717 51.9901 7.84467
    endloop
  endfacet
  facet normal 0 1 0
    outer loop
      vertex 49.75 51.9901 7.5
      vertex -49.75 51.9901 7.5
      vertex -49.7717 51.9901 7.84467
    endloop
  endfacet
  facet normal 0 1 0
    outer loop
      vertex 49.7717 51.9901 7.15533
      vertex -49.75 51.9901 7.5
      vertex 49.75 51.9901 7.5
    endloop
  endfacet
  facet normal 0 1 0
    outer loop
      vertex 49.7717 51.9901 7.15533
      vertex -49.7717 51.9901 7.15533
      vertex -49.75 51.9901 7.5
    endloop
  endfacet
  facet normal 0 1 0
    outer loop
      vertex 49.8364 51.9901 6.8161
      vertex -49.7717 51.9901 7.15533
      vertex 49.7717 51.9901 7.15533
    endloop
  endfacet
  facet normal 0 1 0
    outer loop
      vertex 49.8364 51.9901 6.8161
      vertex -49.8364 51.9901 6.8161
      vertex -49.7717 51.9901 7.15533
    endloop
  endfacet
  facet normal 0 1 0
    outer loop
      vertex 49.9431 51.9901 6.48766
      vertex -49.8364 51.9901 6.8161
      vertex 49.8364 51.9901 6.8161
    endloop
  endfacet
  facet normal 0 1 0
    outer loop
      vertex 49.9431 51.9901 6.48766
      vertex -49.9431 51.9901 6.48766
      vertex -49.8364 51.9901 6.8161
    endloop
  endfacet
  facet normal 0 1 0
    outer loop
      vertex 50.0902 51.9901 6.17518
      vertex -49.9431 51.9901 6.48766
      vertex 49.9431 51.9901 6.48766
    endloop
  endfacet
  facet normal 0 1 0
    outer loop
      vertex 50.0902 51.9901 6.17518
      vertex -50.0902 51.9901 6.17518
      vertex -49.9431 51.9901 6.48766
    endloop
  endfacet
  facet normal 0 1 0
    outer loop
      vertex 50.2752 51.9901 5.88359
      vertex -50.0902 51.9901 6.17518
      vertex 50.0902 51.9901 6.17518
    endloop
  endfacet
  facet normal 0 1 0
    outer loop
      vertex 50.2752 51.9901 5.88359
      vertex -50.2752 51.9901 5.88359
      vertex -50.0902 51.9901 6.17518
    endloop
  endfacet
  facet normal 0 1 0
    outer loop
      vertex 50.4953 51.9901 5.6175
      vertex -50.2752 51.9901 5.88359
      vertex 50.2752 51.9901 5.88359
    endloop
  endfacet
  facet normal 0 1 0
    outer loop
      vertex 50.4953 51.9901 5.6175
      vertex -50.4953 51.9901 5.6175
      vertex -50.2752 51.9901 5.88359
    endloop
  endfacet
  facet normal 0 1 0
    outer loop
      vertex 50.7471 51.9901 5.38109
      vertex -50.4953 51.9901 5.6175
      vertex 50.4953 51.9901 5.6175
    endloop
  endfacet
  facet normal 0 1 0
    outer loop
      vertex 50.7471 51.9901 5.38109
      vertex -50.7471 51.9901 5.38109
      vertex -50.4953 51.9901 5.6175
    endloop
  endfacet
  facet normal 0 1 0
    outer loop
      vertex 51.0265 51.9901 5.1781
      vertex -50.7471 51.9901 5.38109
      vertex 50.7471 51.9901 5.38109
    endloop
  endfacet
  facet normal 0 1 0
    outer loop
      vertex 51.0265 51.9901 5.1781
      vertex -51.0265 51.9901 5.1781
      vertex -50.7471 51.9901 5.38109
    endloop
  endfacet
  facet normal 0 1 0
    outer loop
      vertex 51.3291 51.9901 5.01173
      vertex -51.0265 51.9901 5.1781
      vertex 51.0265 51.9901 5.1781
    endloop
  endfacet
  facet normal 0 1 0
    outer loop
      vertex 51.3291 51.9901 5.01173
      vertex -51.3291 51.9901 5.01173
      vertex -51.0265 51.9901 5.1781
    endloop
  endfacet
  facet normal 0 1 0
    outer loop
      vertex 51.6502 51.9901 4.88459
      vertex -51.3291 51.9901 5.01173
      vertex 51.3291 51.9901 5.01173
    endloop
  endfacet
  facet normal 0 1 0
    outer loop
      vertex 51.6502 51.9901 4.88459
      vertex -51.6502 51.9901 4.88459
      vertex -51.3291 51.9901 5.01173
    endloop
  endfacet
  facet normal 0 1 0
    outer loop
      vertex 51.9847 51.9901 4.79871
      vertex -51.6502 51.9901 4.88459
      vertex 51.6502 51.9901 4.88459
    endloop
  endfacet
  facet normal 0 1 0
    outer loop
      vertex 51.9847 51.9901 4.79871
      vertex -51.9847 51.9901 4.79871
      vertex -51.6502 51.9901 4.88459
    endloop
  endfacet
  facet normal 0 1 0
    outer loop
      vertex 52.3273 51.9901 4.75543
      vertex -51.9847 51.9901 4.79871
      vertex 51.9847 51.9901 4.79871
    endloop
  endfacet
  facet normal 0 1 0
    outer loop
      vertex -51.9847 51.9901 4.79871
      vertex 52.3273 51.9901 4.75543
      vertex -52.3273 51.9901 4.75543
    endloop
  endfacet
  facet normal 0 1 0
    outer loop
      vertex 52.3273 51.9901 10.2446
      vertex 54.814 51.9901 15
      vertex 52.6727 51.9901 10.2446
    endloop
  endfacet
  facet normal 0 1 0
    outer loop
      vertex 54.814 51.9901 15
      vertex 53.0153 51.9901 10.2013
      vertex 52.6727 51.9901 10.2446
    endloop
  endfacet
  facet normal 0 1 0
    outer loop
      vertex 54.814 51.9901 15
      vertex 53.3498 51.9901 10.1154
      vertex 53.0153 51.9901 10.2013
    endloop
  endfacet
  facet normal 0 1 0
    outer loop
      vertex 54.814 51.9901 15
      vertex 53.6709 51.9901 9.98827
      vertex 53.3498 51.9901 10.1154
    endloop
  endfacet
  facet normal 0 1 0
    outer loop
      vertex 54.814 51.9901 15
      vertex 53.9735 51.9901 9.8219
      vertex 53.6709 51.9901 9.98827
    endloop
  endfacet
  facet normal 0 1 0
    outer loop
      vertex 54.814 51.9901 15
      vertex 54.2529 51.9901 9.61891
      vertex 53.9735 51.9901 9.8219
    endloop
  endfacet
  facet normal 0 1 0
    outer loop
      vertex 54.814 51.9901 15
      vertex 54.5047 51.9901 9.3825
      vertex 54.2529 51.9901 9.61891
    endloop
  endfacet
  facet normal 0 1 0
    outer loop
      vertex 54.814 51.9901 15
      vertex 54.7248 51.9901 9.11641
      vertex 54.5047 51.9901 9.3825
    endloop
  endfacet
  facet normal -0 1 0
    outer loop
      vertex 54.7248 51.9901 9.11641
      vertex 54.814 51.9901 15
      vertex 54.814 51.9901 8.97592
    endloop
  endfacet
  facet normal 0 1 0
    outer loop
      vertex 51.9847 51.9901 10.2013
      vertex 54.814 51.9901 15
      vertex 52.3273 51.9901 10.2446
    endloop
  endfacet
  facet normal 0 1 0
    outer loop
      vertex 51.6502 51.9901 10.1154
      vertex 54.814 51.9901 15
      vertex 51.9847 51.9901 10.2013
    endloop
  endfacet
  facet normal 0 1 -0
    outer loop
      vertex -52.6727 51.9901 10.2446
      vertex -54.814 51.9901 15
      vertex -52.3273 51.9901 10.2446
    endloop
  endfacet
  facet normal 0 1 -0
    outer loop
      vertex -53.0153 51.9901 10.2013
      vertex -54.814 51.9901 15
      vertex -52.6727 51.9901 10.2446
    endloop
  endfacet
  facet normal 0 1 -0
    outer loop
      vertex -53.3498 51.9901 10.1154
      vertex -54.814 51.9901 15
      vertex -53.0153 51.9901 10.2013
    endloop
  endfacet
  facet normal 0 1 -0
    outer loop
      vertex -53.6709 51.9901 9.98827
      vertex -54.814 51.9901 15
      vertex -53.3498 51.9901 10.1154
    endloop
  endfacet
  facet normal 0 1 -0
    outer loop
      vertex -53.9735 51.9901 9.8219
      vertex -54.814 51.9901 15
      vertex -53.6709 51.9901 9.98827
    endloop
  endfacet
  facet normal 0 1 -0
    outer loop
      vertex -54.2529 51.9901 9.61891
      vertex -54.814 51.9901 15
      vertex -53.9735 51.9901 9.8219
    endloop
  endfacet
  facet normal 0 1 -0
    outer loop
      vertex -54.5047 51.9901 9.3825
      vertex -54.814 51.9901 15
      vertex -54.2529 51.9901 9.61891
    endloop
  endfacet
  facet normal 0 1 -0
    outer loop
      vertex -54.7248 51.9901 9.11641
      vertex -54.814 51.9901 15
      vertex -54.5047 51.9901 9.3825
    endloop
  endfacet
  facet normal 0 1 0
    outer loop
      vertex -54.814 51.9901 15
      vertex -54.7248 51.9901 9.11641
      vertex -54.814 51.9901 8.97592
    endloop
  endfacet
  facet normal 0 1 0
    outer loop
      vertex -54.7248 51.9901 5.88359
      vertex -54.814 51.9901 0
      vertex -54.814 51.9901 6.02408
    endloop
  endfacet
  facet normal 0 1 0
    outer loop
      vertex -54.5047 51.9901 5.6175
      vertex -54.814 51.9901 0
      vertex -54.7248 51.9901 5.88359
    endloop
  endfacet
  facet normal 0 1 0
    outer loop
      vertex -54.2529 51.9901 5.38109
      vertex -54.814 51.9901 0
      vertex -54.5047 51.9901 5.6175
    endloop
  endfacet
  facet normal 0 1 0
    outer loop
      vertex -53.9735 51.9901 5.1781
      vertex -54.814 51.9901 0
      vertex -54.2529 51.9901 5.38109
    endloop
  endfacet
  facet normal 0 1 0
    outer loop
      vertex -53.6709 51.9901 5.01173
      vertex -54.814 51.9901 0
      vertex -53.9735 51.9901 5.1781
    endloop
  endfacet
  facet normal 0 1 0
    outer loop
      vertex -53.3498 51.9901 4.88459
      vertex -54.814 51.9901 0
      vertex -53.6709 51.9901 5.01173
    endloop
  endfacet
  facet normal 0 1 0
    outer loop
      vertex -53.0153 51.9901 4.79871
      vertex -54.814 51.9901 0
      vertex -53.3498 51.9901 4.88459
    endloop
  endfacet
  facet normal 0 1 0
    outer loop
      vertex -52.6727 51.9901 4.75543
      vertex -54.814 51.9901 0
      vertex -53.0153 51.9901 4.79871
    endloop
  endfacet
  facet normal 0 1 0
    outer loop
      vertex -52.3273 51.9901 4.75543
      vertex -54.814 51.9901 0
      vertex -52.6727 51.9901 4.75543
    endloop
  endfacet
  facet normal -0.982276 0.187441 0
    outer loop
      vertex -59.4606 47.6267 0
      vertex -59.3429 48.2435 15
      vertex -59.3429 48.2435 0
    endloop
  endfacet
  facet normal -0.982276 0.187441 0
    outer loop
      vertex -59.3429 48.2435 15
      vertex -59.4606 47.6267 0
      vertex -59.4606 47.6267 15
    endloop
  endfacet
  facet normal 0.770462 0.637486 0
    outer loop
      vertex 58.5451 49.9389 15
      vertex 58.1448 50.4227 0
      vertex 58.1448 50.4227 15
    endloop
  endfacet
  facet normal 0.770462 0.637486 0
    outer loop
      vertex 58.1448 50.4227 0
      vertex 58.5451 49.9389 15
      vertex 58.5451 49.9389 0
    endloop
  endfacet
  facet normal -1 0 0
    outer loop
      vertex -59.5 -47 0
      vertex -59.5 47 15
      vertex -59.5 47 0
    endloop
  endfacet
  facet normal -1 -0 0
    outer loop
      vertex -59.5 47 15
      vertex -59.5 -47 0
      vertex -59.5 -47 15
    endloop
  endfacet
  facet normal -0.99803 0.0627451 0
    outer loop
      vertex -59.5 47 0
      vertex -59.4606 47.6267 15
      vertex -59.4606 47.6267 0
    endloop
  endfacet
  facet normal -0.99803 0.0627451 0
    outer loop
      vertex -59.4606 47.6267 15
      vertex -59.5 47 0
      vertex -59.5 47 15
    endloop
  endfacet
  facet normal -0.684624 0.728896 0
    outer loop
      vertex -57.6871 50.8526 0
      vertex -58.1448 50.4227 15
      vertex -57.6871 50.8526 15
    endloop
  endfacet
  facet normal -0.684624 0.728896 0
    outer loop
      vertex -58.1448 50.4227 15
      vertex -57.6871 50.8526 0
      vertex -58.1448 50.4227 0
    endloop
  endfacet
  facet normal 0 0 1
    outer loop
      vertex 54.814 51.9901 15
      vertex 59.5 47 15
      vertex 59.4606 47.6267 15
    endloop
  endfacet
  facet normal 0 0 1
    outer loop
      vertex 59.5 47 15
      vertex 47.5 0 15
      vertex 59.5 -47 15
    endloop
  endfacet
  facet normal 0 0 1
    outer loop
      vertex 54.814 51.9901 15
      vertex 59.4606 47.6267 15
      vertex 59.3429 48.2435 15
    endloop
  endfacet
  facet normal -0 0 1
    outer loop
      vertex 47.1255 -5.95333 15
      vertex 59.5 -47 15
      vertex 47.5 0 15
    endloop
  endfacet
  facet normal 0 0 1
    outer loop
      vertex 54.814 51.9901 15
      vertex 59.3429 48.2435 15
      vertex 59.1489 48.8406 15
    endloop
  endfacet
  facet normal -0 0 1
    outer loop
      vertex 46.0077 -11.8128 15
      vertex 59.5 -47 15
      vertex 47.1255 -5.95333 15
    endloop
  endfacet
  facet normal 0 0 1
    outer loop
      vertex 54.814 51.9901 15
      vertex 59.1489 48.8406 15
      vertex 58.8815 49.4088 15
    endloop
  endfacet
  facet normal -0 0 1
    outer loop
      vertex 44.1644 -17.4859 15
      vertex 59.5 -47 15
      vertex 46.0077 -11.8128 15
    endloop
  endfacet
  facet normal 0 0 1
    outer loop
      vertex 54.814 51.9901 15
      vertex 58.8815 49.4088 15
      vertex 58.5451 49.9389 15
    endloop
  endfacet
  facet normal -0 0 1
    outer loop
      vertex 41.6246 -22.8833 15
      vertex 59.5 -47 15
      vertex 44.1644 -17.4859 15
    endloop
  endfacet
  facet normal 0 0 1
    outer loop
      vertex 54.814 51.9901 15
      vertex 58.5451 49.9389 15
      vertex 58.1448 50.4227 15
    endloop
  endfacet
  facet normal -0 0 1
    outer loop
      vertex 38.4283 -27.9198 15
      vertex 59.5 -47 15
      vertex 41.6246 -22.8833 15
    endloop
  endfacet
  facet normal 0 0 1
    outer loop
      vertex 54.814 51.9901 15
      vertex 58.1448 50.4227 15
      vertex 57.6871 50.8526 15
    endloop
  endfacet
  facet normal -0 0 1
    outer loop
      vertex 34.626 -32.516 15
      vertex 59.5 -47 15
      vertex 38.4283 -27.9198 15
    endloop
  endfacet
  facet normal 0 0 1
    outer loop
      vertex 54.814 51.9901 15
      vertex 57.6871 50.8526 15
      vertex 57.1791 51.2216 15
    endloop
  endfacet
  facet normal 0 -0 1
    outer loop
      vertex 54.814 -51.9901 15
      vertex 59.5 -47 15
      vertex 34.626 -32.516 15
    endloop
  endfacet
  facet normal 0 0 1
    outer loop
      vertex 54.814 51.9901 15
      vertex 57.1791 51.2216 15
      vertex 56.6289 51.5241 15
    endloop
  endfacet
  facet normal 0 0 1
    outer loop
      vertex 59.4606 -47.6267 15
      vertex 54.814 -51.9901 15
      vertex 59.3429 -48.2435 15
    endloop
  endfacet
  facet normal 0 0 1
    outer loop
      vertex 54.814 51.9901 15
      vertex 56.6289 51.5241 15
      vertex 56.0451 51.7553 15
    endloop
  endfacet
  facet normal 0 0 1
    outer loop
      vertex 59.3429 -48.2435 15
      vertex 54.814 -51.9901 15
      vertex 59.1489 -48.8406 15
    endloop
  endfacet
  facet normal 0 0 1
    outer loop
      vertex 54.814 51.9901 15
      vertex 56.0451 51.7553 15
      vertex 55.4369 51.9114 15
    endloop
  endfacet
  facet normal 0 0 1
    outer loop
      vertex 59.1489 -48.8406 15
      vertex 54.814 -51.9901 15
      vertex 58.8815 -49.4088 15
    endloop
  endfacet
  facet normal 0 0 1
    outer loop
      vertex 59.5 47 15
      vertex 54.814 51.9901 15
      vertex 34.626 32.516 15
    endloop
  endfacet
  facet normal 0 0 1
    outer loop
      vertex 58.8815 -49.4088 15
      vertex 54.814 -51.9901 15
      vertex 58.5451 -49.9389 15
    endloop
  endfacet
  facet normal 0 0 1
    outer loop
      vertex 58.5451 -49.9389 15
      vertex 54.814 -51.9901 15
      vertex 58.1448 -50.4227 15
    endloop
  endfacet
  facet normal 0 0 1
    outer loop
      vertex 59.5 47 15
      vertex 47.1255 5.95333 15
      vertex 47.5 0 15
    endloop
  endfacet
  facet normal 0 0 1
    outer loop
      vertex 59.5 47 15
      vertex 46.0077 11.8128 15
      vertex 47.1255 5.95333 15
    endloop
  endfacet
  facet normal 0 0 1
    outer loop
      vertex 59.5 47 15
      vertex 44.1644 17.4859 15
      vertex 46.0077 11.8128 15
    endloop
  endfacet
  facet normal 0 0 1
    outer loop
      vertex 59.5 47 15
      vertex 41.6246 22.8833 15
      vertex 44.1644 17.4859 15
    endloop
  endfacet
  facet normal 0 0 1
    outer loop
      vertex 59.5 47 15
      vertex 38.4283 27.9198 15
      vertex 41.6246 22.8833 15
    endloop
  endfacet
  facet normal 0 0 1
    outer loop
      vertex 59.5 47 15
      vertex 34.626 32.516 15
      vertex 38.4283 27.9198 15
    endloop
  endfacet
  facet normal 0 0 1
    outer loop
      vertex 54.814 51.9901 15
      vertex 30.2776 36.5994 15
      vertex 34.626 32.516 15
    endloop
  endfacet
  facet normal 0 0 1
    outer loop
      vertex 54.814 51.9901 15
      vertex 25.4518 40.1056 15
      vertex 30.2776 36.5994 15
    endloop
  endfacet
  facet normal 0 0 1
    outer loop
      vertex 54.814 51.9901 15
      vertex 20.2245 42.9793 15
      vertex 25.4518 40.1056 15
    endloop
  endfacet
  facet normal 0 0 1
    outer loop
      vertex 54.814 51.9901 15
      vertex 14.6783 45.1752 15
      vertex 20.2245 42.9793 15
    endloop
  endfacet
  facet normal 0 0 1
    outer loop
      vertex 54.814 51.9901 15
      vertex 8.90061 46.6586 15
      vertex 14.6783 45.1752 15
    endloop
  endfacet
  facet normal 0 0 1
    outer loop
      vertex 54.814 51.9901 15
      vertex 2.98255 47.4063 15
      vertex 8.90061 46.6586 15
    endloop
  endfacet
  facet normal 0 0 1
    outer loop
      vertex 54.814 51.9901 15
      vertex -2.98255 47.4063 15
      vertex 2.98255 47.4063 15
    endloop
  endfacet
  facet normal 0 0 1
    outer loop
      vertex -46.0077 11.8128 15
      vertex -59.5 47 15
      vertex -47.1255 5.95333 15
    endloop
  endfacet
  facet normal 0 0 1
    outer loop
      vertex -44.1644 17.4859 15
      vertex -59.5 47 15
      vertex -46.0077 11.8128 15
    endloop
  endfacet
  facet normal 0 0 1
    outer loop
      vertex -41.6246 22.8833 15
      vertex -59.5 47 15
      vertex -44.1644 17.4859 15
    endloop
  endfacet
  facet normal 0 0 1
    outer loop
      vertex -38.4283 27.9198 15
      vertex -59.5 47 15
      vertex -41.6246 22.8833 15
    endloop
  endfacet
  facet normal 0 0 1
    outer loop
      vertex -34.626 32.516 15
      vertex -59.5 47 15
      vertex -38.4283 27.9198 15
    endloop
  endfacet
  facet normal -0 0 1
    outer loop
      vertex -59.5 47 15
      vertex -34.626 32.516 15
      vertex -54.814 51.9901 15
    endloop
  endfacet
  facet normal 0 0 1
    outer loop
      vertex -30.2776 36.5994 15
      vertex -54.814 51.9901 15
      vertex -34.626 32.516 15
    endloop
  endfacet
  facet normal 0 0 1
    outer loop
      vertex -25.4518 40.1056 15
      vertex -54.814 51.9901 15
      vertex -30.2776 36.5994 15
    endloop
  endfacet
  facet normal 0 0 1
    outer loop
      vertex -20.2245 42.9793 15
      vertex -54.814 51.9901 15
      vertex -25.4518 40.1056 15
    endloop
  endfacet
  facet normal 0 0 1
    outer loop
      vertex -14.6783 45.1752 15
      vertex -54.814 51.9901 15
      vertex -20.2245 42.9793 15
    endloop
  endfacet
  facet normal 0 0 1
    outer loop
      vertex -8.90061 46.6586 15
      vertex -54.814 51.9901 15
      vertex -14.6783 45.1752 15
    endloop
  endfacet
  facet normal 0 0 1
    outer loop
      vertex -2.98255 47.4063 15
      vertex -54.814 51.9901 15
      vertex -8.90061 46.6586 15
    endloop
  endfacet
  facet normal -0 0 1
    outer loop
      vertex -54.814 51.9901 15
      vertex -2.98255 47.4063 15
      vertex 54.814 51.9901 15
    endloop
  endfacet
  facet normal 0 0 1
    outer loop
      vertex 58.1448 -50.4227 15
      vertex 54.814 -51.9901 15
      vertex 57.6871 -50.8526 15
    endloop
  endfacet
  facet normal 0 0 1
    outer loop
      vertex 57.6871 -50.8526 15
      vertex 54.814 -51.9901 15
      vertex 57.1791 -51.2216 15
    endloop
  endfacet
  facet normal 0 0 1
    outer loop
      vertex 57.1791 -51.2216 15
      vertex 54.814 -51.9901 15
      vertex 56.6289 -51.5241 15
    endloop
  endfacet
  facet normal 0 0 1
    outer loop
      vertex 56.6289 -51.5241 15
      vertex 54.814 -51.9901 15
      vertex 56.0451 -51.7553 15
    endloop
  endfacet
  facet normal 0 0 1
    outer loop
      vertex 56.0451 -51.7553 15
      vertex 54.814 -51.9901 15
      vertex 55.4369 -51.9114 15
    endloop
  endfacet
  facet normal 0 0 1
    outer loop
      vertex 59.5 -47 15
      vertex 54.814 -51.9901 15
      vertex 59.4606 -47.6267 15
    endloop
  endfacet
  facet normal -0 0 1
    outer loop
      vertex 30.2776 -36.5994 15
      vertex 54.814 -51.9901 15
      vertex 34.626 -32.516 15
    endloop
  endfacet
  facet normal -0 0 1
    outer loop
      vertex 25.4518 -40.1056 15
      vertex 54.814 -51.9901 15
      vertex 30.2776 -36.5994 15
    endloop
  endfacet
  facet normal -0 0 1
    outer loop
      vertex 20.2245 -42.9793 15
      vertex 54.814 -51.9901 15
      vertex 25.4518 -40.1056 15
    endloop
  endfacet
  facet normal -0 0 1
    outer loop
      vertex 14.6783 -45.1752 15
      vertex 54.814 -51.9901 15
      vertex 20.2245 -42.9793 15
    endloop
  endfacet
  facet normal -0 0 1
    outer loop
      vertex 8.90061 -46.6586 15
      vertex 54.814 -51.9901 15
      vertex 14.6783 -45.1752 15
    endloop
  endfacet
  facet normal -0 0 1
    outer loop
      vertex 2.98255 -47.4063 15
      vertex 54.814 -51.9901 15
      vertex 8.90061 -46.6586 15
    endloop
  endfacet
  facet normal -0 0 1
    outer loop
      vertex -2.98255 -47.4063 15
      vertex 54.814 -51.9901 15
      vertex 2.98255 -47.4063 15
    endloop
  endfacet
  facet normal 0 0 1
    outer loop
      vertex -47.1255 5.95333 15
      vertex -59.5 47 15
      vertex -47.5 0 15
    endloop
  endfacet
  facet normal 0 0 1
    outer loop
      vertex -2.98255 -47.4063 15
      vertex -54.814 -51.9901 15
      vertex 54.814 -51.9901 15
    endloop
  endfacet
  facet normal 0 0 1
    outer loop
      vertex -8.90061 -46.6586 15
      vertex -54.814 -51.9901 15
      vertex -2.98255 -47.4063 15
    endloop
  endfacet
  facet normal 0 0 1
    outer loop
      vertex -14.6783 -45.1752 15
      vertex -54.814 -51.9901 15
      vertex -8.90061 -46.6586 15
    endloop
  endfacet
  facet normal 0 0 1
    outer loop
      vertex -20.2245 -42.9793 15
      vertex -54.814 -51.9901 15
      vertex -14.6783 -45.1752 15
    endloop
  endfacet
  facet normal 0 0 1
    outer loop
      vertex -25.4518 -40.1056 15
      vertex -54.814 -51.9901 15
      vertex -20.2245 -42.9793 15
    endloop
  endfacet
  facet normal 0 0 1
    outer loop
      vertex -30.2776 -36.5994 15
      vertex -54.814 -51.9901 15
      vertex -25.4518 -40.1056 15
    endloop
  endfacet
  facet normal 0 0 1
    outer loop
      vertex -34.626 -32.516 15
      vertex -54.814 -51.9901 15
      vertex -30.2776 -36.5994 15
    endloop
  endfacet
  facet normal 0 0 1
    outer loop
      vertex -59.5 -47 15
      vertex -34.626 -32.516 15
      vertex -38.4283 -27.9198 15
    endloop
  endfacet
  facet normal 0 0 1
    outer loop
      vertex -59.5 -47 15
      vertex -38.4283 -27.9198 15
      vertex -41.6246 -22.8833 15
    endloop
  endfacet
  facet normal 0 0 1
    outer loop
      vertex -59.5 -47 15
      vertex -41.6246 -22.8833 15
      vertex -44.1644 -17.4859 15
    endloop
  endfacet
  facet normal 0 0 1
    outer loop
      vertex -59.5 -47 15
      vertex -44.1644 -17.4859 15
      vertex -46.0077 -11.8128 15
    endloop
  endfacet
  facet normal 0 0 1
    outer loop
      vertex -59.5 -47 15
      vertex -46.0077 -11.8128 15
      vertex -47.1255 -5.95333 15
    endloop
  endfacet
  facet normal 0 0 1
    outer loop
      vertex -59.5 -47 15
      vertex -47.5 0 15
      vertex -59.5 47 15
    endloop
  endfacet
  facet normal 0 0 1
    outer loop
      vertex -59.5 47 15
      vertex -54.814 51.9901 15
      vertex -55.4369 51.9114 15
    endloop
  endfacet
  facet normal 0 0 1
    outer loop
      vertex -47.5 0 15
      vertex -59.5 -47 15
      vertex -47.1255 -5.95333 15
    endloop
  endfacet
  facet normal 0 0 1
    outer loop
      vertex -59.5 47 15
      vertex -55.4369 51.9114 15
      vertex -56.0451 51.7553 15
    endloop
  endfacet
  facet normal 0 0 1
    outer loop
      vertex -34.626 -32.516 15
      vertex -59.5 -47 15
      vertex -54.814 -51.9901 15
    endloop
  endfacet
  facet normal 0 0 1
    outer loop
      vertex -59.5 47 15
      vertex -56.0451 51.7553 15
      vertex -56.6289 51.5241 15
    endloop
  endfacet
  facet normal 0 0 1
    outer loop
      vertex -54.814 -51.9901 15
      vertex -59.5 -47 15
      vertex -55.4369 -51.9114 15
    endloop
  endfacet
  facet normal 0 0 1
    outer loop
      vertex -59.5 47 15
      vertex -56.6289 51.5241 15
      vertex -57.1791 51.2216 15
    endloop
  endfacet
  facet normal 0 0 1
    outer loop
      vertex -55.4369 -51.9114 15
      vertex -59.5 -47 15
      vertex -56.0451 -51.7553 15
    endloop
  endfacet
  facet normal 0 0 1
    outer loop
      vertex -59.5 47 15
      vertex -57.1791 51.2216 15
      vertex -57.6871 50.8526 15
    endloop
  endfacet
  facet normal 0 0 1
    outer loop
      vertex -56.0451 -51.7553 15
      vertex -59.5 -47 15
      vertex -56.6289 -51.5241 15
    endloop
  endfacet
  facet normal 0 0 1
    outer loop
      vertex -59.5 47 15
      vertex -57.6871 50.8526 15
      vertex -58.1448 50.4227 15
    endloop
  endfacet
  facet normal 0 0 1
    outer loop
      vertex -56.6289 -51.5241 15
      vertex -59.5 -47 15
      vertex -57.1791 -51.2216 15
    endloop
  endfacet
  facet normal 0 0 1
    outer loop
      vertex -59.5 47 15
      vertex -58.1448 50.4227 15
      vertex -58.5451 49.9389 15
    endloop
  endfacet
  facet normal 0 0 1
    outer loop
      vertex -57.1791 -51.2216 15
      vertex -59.5 -47 15
      vertex -57.6871 -50.8526 15
    endloop
  endfacet
  facet normal 0 0 1
    outer loop
      vertex -59.5 47 15
      vertex -58.5451 49.9389 15
      vertex -58.8815 49.4088 15
    endloop
  endfacet
  facet normal 0 0 1
    outer loop
      vertex -57.6871 -50.8526 15
      vertex -59.5 -47 15
      vertex -58.1448 -50.4227 15
    endloop
  endfacet
  facet normal 0 0 1
    outer loop
      vertex -59.5 47 15
      vertex -58.8815 49.4088 15
      vertex -59.1489 48.8406 15
    endloop
  endfacet
  facet normal 0 0 1
    outer loop
      vertex -58.1448 -50.4227 15
      vertex -59.5 -47 15
      vertex -58.5451 -49.9389 15
    endloop
  endfacet
  facet normal 0 0 1
    outer loop
      vertex -59.5 47 15
      vertex -59.1489 48.8406 15
      vertex -59.3429 48.2435 15
    endloop
  endfacet
  facet normal 0 0 1
    outer loop
      vertex -58.5451 -49.9389 15
      vertex -59.5 -47 15
      vertex -58.8815 -49.4088 15
    endloop
  endfacet
  facet normal 0 0 1
    outer loop
      vertex -59.5 47 15
      vertex -59.3429 48.2435 15
      vertex -59.4606 47.6267 15
    endloop
  endfacet
  facet normal 0 0 1
    outer loop
      vertex -58.8815 -49.4088 15
      vertex -59.5 -47 15
      vertex -59.1489 -48.8406 15
    endloop
  endfacet
  facet normal 0 0 1
    outer loop
      vertex -59.1489 -48.8406 15
      vertex -59.5 -47 15
      vertex -59.3429 -48.2435 15
    endloop
  endfacet
  facet normal 0 0 1
    outer loop
      vertex -59.3429 -48.2435 15
      vertex -59.5 -47 15
      vertex -59.4606 -47.6267 15
    endloop
  endfacet
  facet normal 0 -1 0
    outer loop
      vertex -54.814 -51.9901 0
      vertex -52.1547 -51.9901 2.01085
      vertex -52.8453 -51.9901 2.01085
    endloop
  endfacet
  facet normal 0 -1 -0
    outer loop
      vertex -52.1547 -51.9901 2.01085
      vertex -54.814 -51.9901 0
      vertex 52.1547 -51.9901 2.01085
    endloop
  endfacet
  facet normal 0 -1 0
    outer loop
      vertex 54.814 -51.9901 0
      vertex 52.1547 -51.9901 2.01085
      vertex -54.814 -51.9901 0
    endloop
  endfacet
  facet normal 0 -1 -0
    outer loop
      vertex -53.5306 -51.9901 2.09742
      vertex -54.814 -51.9901 0
      vertex -52.8453 -51.9901 2.01085
    endloop
  endfacet
  facet normal 0 -1 -0
    outer loop
      vertex -54.1996 -51.9901 2.26919
      vertex -54.814 -51.9901 0
      vertex -53.5306 -51.9901 2.09742
    endloop
  endfacet
  facet normal 0 -1 0
    outer loop
      vertex -54.814 -51.9901 0
      vertex -54.1996 -51.9901 2.26919
      vertex -54.814 -51.9901 2.51243
    endloop
  endfacet
  facet normal 0 -1 0
    outer loop
      vertex -50.1582 -51.9901 12.4765
      vertex -54.814 -51.9901 15
      vertex -50.8004 -51.9901 12.7308
    endloop
  endfacet
  facet normal 0 -1 0
    outer loop
      vertex 54.814 -51.9901 15
      vertex 51.4694 -51.9901 12.9026
      vertex 52.1547 -51.9901 12.9891
    endloop
  endfacet
  facet normal 0 -1 0
    outer loop
      vertex -54.814 -51.9901 15
      vertex -50.1582 -51.9901 12.4765
      vertex 54.814 -51.9901 15
    endloop
  endfacet
  facet normal 0 -1 0
    outer loop
      vertex 54.814 -51.9901 15
      vertex 50.8004 -51.9901 12.7308
      vertex 51.4694 -51.9901 12.9026
    endloop
  endfacet
  facet normal 0 -1 0
    outer loop
      vertex 50.1582 -51.9901 12.4765
      vertex 54.814 -51.9901 15
      vertex -50.1582 -51.9901 12.4765
    endloop
  endfacet
  facet normal 0 -1 0
    outer loop
      vertex 54.814 -51.9901 15
      vertex 50.1582 -51.9901 12.4765
      vertex 50.8004 -51.9901 12.7308
    endloop
  endfacet
  facet normal 0 -1 0
    outer loop
      vertex -49.553 -51.9901 12.1438
      vertex 50.1582 -51.9901 12.4765
      vertex -50.1582 -51.9901 12.4765
    endloop
  endfacet
  facet normal 0 -1 0
    outer loop
      vertex -49.553 -51.9901 12.1438
      vertex 49.553 -51.9901 12.1438
      vertex 50.1582 -51.9901 12.4765
    endloop
  endfacet
  facet normal 0 -1 0
    outer loop
      vertex -48.9942 -51.9901 11.7378
      vertex 49.553 -51.9901 12.1438
      vertex -49.553 -51.9901 12.1438
    endloop
  endfacet
  facet normal 0 -1 0
    outer loop
      vertex -48.9942 -51.9901 11.7378
      vertex 48.9942 -51.9901 11.7378
      vertex 49.553 -51.9901 12.1438
    endloop
  endfacet
  facet normal 0 -1 0
    outer loop
      vertex -48.4907 -51.9901 11.265
      vertex 48.9942 -51.9901 11.7378
      vertex -48.9942 -51.9901 11.7378
    endloop
  endfacet
  facet normal 0 -1 0
    outer loop
      vertex -48.4907 -51.9901 11.265
      vertex 48.4907 -51.9901 11.265
      vertex 48.9942 -51.9901 11.7378
    endloop
  endfacet
  facet normal 0 -1 0
    outer loop
      vertex -48.0504 -51.9901 10.7328
      vertex 48.4907 -51.9901 11.265
      vertex -48.4907 -51.9901 11.265
    endloop
  endfacet
  facet normal 0 -1 0
    outer loop
      vertex -48.0504 -51.9901 10.7328
      vertex 48.0504 -51.9901 10.7328
      vertex 48.4907 -51.9901 11.265
    endloop
  endfacet
  facet normal 0 -1 0
    outer loop
      vertex -47.6803 -51.9901 10.1496
      vertex 48.0504 -51.9901 10.7328
      vertex -48.0504 -51.9901 10.7328
    endloop
  endfacet
  facet normal 0 -1 0
    outer loop
      vertex -47.6803 -51.9901 10.1496
      vertex 47.6803 -51.9901 10.1496
      vertex 48.0504 -51.9901 10.7328
    endloop
  endfacet
  facet normal 0 -1 0
    outer loop
      vertex -47.3862 -51.9901 9.52468
      vertex 47.6803 -51.9901 10.1496
      vertex -47.6803 -51.9901 10.1496
    endloop
  endfacet
  facet normal 0 -1 0
    outer loop
      vertex -47.3862 -51.9901 9.52468
      vertex 47.3862 -51.9901 9.52468
      vertex 47.6803 -51.9901 10.1496
    endloop
  endfacet
  facet normal 0 -1 0
    outer loop
      vertex -47.1728 -51.9901 8.86779
      vertex 47.3862 -51.9901 9.52468
      vertex -47.3862 -51.9901 9.52468
    endloop
  endfacet
  facet normal 0 -1 0
    outer loop
      vertex -47.1728 -51.9901 8.86779
      vertex 47.1728 -51.9901 8.86779
      vertex 47.3862 -51.9901 9.52468
    endloop
  endfacet
  facet normal 0 -1 0
    outer loop
      vertex -47.0434 -51.9901 8.18933
      vertex 47.1728 -51.9901 8.86779
      vertex -47.1728 -51.9901 8.86779
    endloop
  endfacet
  facet normal 0 -1 0
    outer loop
      vertex -47.0434 -51.9901 8.18933
      vertex 47.0434 -51.9901 8.18933
      vertex 47.1728 -51.9901 8.86779
    endloop
  endfacet
  facet normal 0 -1 0
    outer loop
      vertex -47 -51.9901 7.5
      vertex 47.0434 -51.9901 8.18933
      vertex -47.0434 -51.9901 8.18933
    endloop
  endfacet
  facet normal 0 -1 0
    outer loop
      vertex -47 -51.9901 7.5
      vertex 47 -51.9901 7.5
      vertex 47.0434 -51.9901 8.18933
    endloop
  endfacet
  facet normal 0 -1 0
    outer loop
      vertex -47.0434 -51.9901 6.81067
      vertex 47 -51.9901 7.5
      vertex -47 -51.9901 7.5
    endloop
  endfacet
  facet normal 0 -1 0
    outer loop
      vertex -47.0434 -51.9901 6.81067
      vertex 47.0434 -51.9901 6.81067
      vertex 47 -51.9901 7.5
    endloop
  endfacet
  facet normal 0 -1 0
    outer loop
      vertex -47.1728 -51.9901 6.13221
      vertex 47.0434 -51.9901 6.81067
      vertex -47.0434 -51.9901 6.81067
    endloop
  endfacet
  facet normal 0 -1 0
    outer loop
      vertex -47.1728 -51.9901 6.13221
      vertex 47.1728 -51.9901 6.13221
      vertex 47.0434 -51.9901 6.81067
    endloop
  endfacet
  facet normal 0 -1 0
    outer loop
      vertex -47.3862 -51.9901 5.47532
      vertex 47.1728 -51.9901 6.13221
      vertex -47.1728 -51.9901 6.13221
    endloop
  endfacet
  facet normal 0 -1 0
    outer loop
      vertex -47.3862 -51.9901 5.47532
      vertex 47.3862 -51.9901 5.47532
      vertex 47.1728 -51.9901 6.13221
    endloop
  endfacet
  facet normal 0 -1 0
    outer loop
      vertex -47.6803 -51.9901 4.85036
      vertex 47.3862 -51.9901 5.47532
      vertex -47.3862 -51.9901 5.47532
    endloop
  endfacet
  facet normal 0 -1 0
    outer loop
      vertex -47.6803 -51.9901 4.85036
      vertex 47.6803 -51.9901 4.85036
      vertex 47.3862 -51.9901 5.47532
    endloop
  endfacet
  facet normal 0 -1 0
    outer loop
      vertex -48.0504 -51.9901 4.26718
      vertex 47.6803 -51.9901 4.85036
      vertex -47.6803 -51.9901 4.85036
    endloop
  endfacet
  facet normal 0 -1 0
    outer loop
      vertex -48.0504 -51.9901 4.26718
      vertex 48.0504 -51.9901 4.26718
      vertex 47.6803 -51.9901 4.85036
    endloop
  endfacet
  facet normal 0 -1 0
    outer loop
      vertex -48.4907 -51.9901 3.73499
      vertex 48.0504 -51.9901 4.26718
      vertex -48.0504 -51.9901 4.26718
    endloop
  endfacet
  facet normal 0 -1 0
    outer loop
      vertex -48.4907 -51.9901 3.73499
      vertex 48.4907 -51.9901 3.73499
      vertex 48.0504 -51.9901 4.26718
    endloop
  endfacet
  facet normal 0 -1 0
    outer loop
      vertex -48.9942 -51.9901 3.26218
      vertex 48.4907 -51.9901 3.73499
      vertex -48.4907 -51.9901 3.73499
    endloop
  endfacet
  facet normal 0 -1 0
    outer loop
      vertex -48.9942 -51.9901 3.26218
      vertex 48.9942 -51.9901 3.26218
      vertex 48.4907 -51.9901 3.73499
    endloop
  endfacet
  facet normal 0 -1 0
    outer loop
      vertex -49.553 -51.9901 2.8562
      vertex 48.9942 -51.9901 3.26218
      vertex -48.9942 -51.9901 3.26218
    endloop
  endfacet
  facet normal 0 -1 0
    outer loop
      vertex -49.553 -51.9901 2.8562
      vertex 49.553 -51.9901 2.8562
      vertex 48.9942 -51.9901 3.26218
    endloop
  endfacet
  facet normal 0 -1 0
    outer loop
      vertex -50.1582 -51.9901 2.52345
      vertex 49.553 -51.9901 2.8562
      vertex -49.553 -51.9901 2.8562
    endloop
  endfacet
  facet normal 0 -1 0
    outer loop
      vertex -50.1582 -51.9901 2.52345
      vertex 50.1582 -51.9901 2.52345
      vertex 49.553 -51.9901 2.8562
    endloop
  endfacet
  facet normal 0 -1 0
    outer loop
      vertex -50.8004 -51.9901 2.26919
      vertex 50.1582 -51.9901 2.52345
      vertex -50.1582 -51.9901 2.52345
    endloop
  endfacet
  facet normal 0 -1 0
    outer loop
      vertex -50.8004 -51.9901 2.26919
      vertex 50.8004 -51.9901 2.26919
      vertex 50.1582 -51.9901 2.52345
    endloop
  endfacet
  facet normal 0 -1 0
    outer loop
      vertex -51.4694 -51.9901 2.09742
      vertex 50.8004 -51.9901 2.26919
      vertex -50.8004 -51.9901 2.26919
    endloop
  endfacet
  facet normal 0 -1 0
    outer loop
      vertex -51.4694 -51.9901 2.09742
      vertex 51.4694 -51.9901 2.09742
      vertex 50.8004 -51.9901 2.26919
    endloop
  endfacet
  facet normal 0 -1 0
    outer loop
      vertex -52.1547 -51.9901 2.01085
      vertex 51.4694 -51.9901 2.09742
      vertex -51.4694 -51.9901 2.09742
    endloop
  endfacet
  facet normal 0 -1 -0
    outer loop
      vertex 51.4694 -51.9901 2.09742
      vertex -52.1547 -51.9901 2.01085
      vertex 52.1547 -51.9901 2.01085
    endloop
  endfacet
  facet normal 0 -1 0
    outer loop
      vertex -52.1547 -51.9901 12.9891
      vertex -54.814 -51.9901 15
      vertex -52.8453 -51.9901 12.9891
    endloop
  endfacet
  facet normal 0 -1 0
    outer loop
      vertex -54.814 -51.9901 15
      vertex -53.5306 -51.9901 12.9026
      vertex -52.8453 -51.9901 12.9891
    endloop
  endfacet
  facet normal 0 -1 0
    outer loop
      vertex -54.814 -51.9901 15
      vertex -54.1996 -51.9901 12.7308
      vertex -53.5306 -51.9901 12.9026
    endloop
  endfacet
  facet normal -0 -1 0
    outer loop
      vertex -54.1996 -51.9901 12.7308
      vertex -54.814 -51.9901 15
      vertex -54.814 -51.9901 12.4876
    endloop
  endfacet
  facet normal 0 -1 0
    outer loop
      vertex -51.4694 -51.9901 12.9026
      vertex -54.814 -51.9901 15
      vertex -52.1547 -51.9901 12.9891
    endloop
  endfacet
  facet normal 0 -1 0
    outer loop
      vertex -50.8004 -51.9901 12.7308
      vertex -54.814 -51.9901 15
      vertex -51.4694 -51.9901 12.9026
    endloop
  endfacet
  facet normal 0 -1 0
    outer loop
      vertex 52.8453 -51.9901 12.9891
      vertex 54.814 -51.9901 15
      vertex 52.1547 -51.9901 12.9891
    endloop
  endfacet
  facet normal 0 -1 0
    outer loop
      vertex 53.5306 -51.9901 12.9026
      vertex 54.814 -51.9901 15
      vertex 52.8453 -51.9901 12.9891
    endloop
  endfacet
  facet normal 0 -1 0
    outer loop
      vertex 54.1996 -51.9901 12.7308
      vertex 54.814 -51.9901 15
      vertex 53.5306 -51.9901 12.9026
    endloop
  endfacet
  facet normal 0 -1 -0
    outer loop
      vertex 54.814 -51.9901 15
      vertex 54.1996 -51.9901 12.7308
      vertex 54.814 -51.9901 12.4876
    endloop
  endfacet
  facet normal 0 -1 0
    outer loop
      vertex 54.1996 -51.9901 2.26919
      vertex 54.814 -51.9901 0
      vertex 54.814 -51.9901 2.51243
    endloop
  endfacet
  facet normal 0 -1 0
    outer loop
      vertex 53.5306 -51.9901 2.09742
      vertex 54.814 -51.9901 0
      vertex 54.1996 -51.9901 2.26919
    endloop
  endfacet
  facet normal 0 -1 0
    outer loop
      vertex 52.8453 -51.9901 2.01085
      vertex 54.814 -51.9901 0
      vertex 53.5306 -51.9901 2.09742
    endloop
  endfacet
  facet normal 0 -1 0
    outer loop
      vertex 52.1547 -51.9901 2.01085
      vertex 54.814 -51.9901 0
      vertex 52.8453 -51.9901 2.01085
    endloop
  endfacet
  facet normal 1 -0 0
    outer loop
      vertex 59.5 -47 15
      vertex 59.5 47 0
      vertex 59.5 47 15
    endloop
  endfacet
  facet normal 1 0 0
    outer loop
      vertex 59.5 47 0
      vertex 59.5 -47 15
      vertex 59.5 -47 0
    endloop
  endfacet
  facet normal -0.368203 0.929745 0
    outer loop
      vertex -56.0451 51.7553 0
      vertex -56.6289 51.5241 15
      vertex -56.0451 51.7553 15
    endloop
  endfacet
  facet normal -0.368203 0.929745 0
    outer loop
      vertex -56.6289 51.5241 15
      vertex -56.0451 51.7553 0
      vertex -56.6289 51.5241 0
    endloop
  endfacet
  facet normal -0.951061 0.309003 0
    outer loop
      vertex -59.3429 48.2435 0
      vertex -59.1489 48.8406 15
      vertex -59.1489 48.8406 0
    endloop
  endfacet
  facet normal -0.951061 0.309003 0
    outer loop
      vertex -59.1489 48.8406 15
      vertex -59.3429 48.2435 0
      vertex -59.3429 48.2435 15
    endloop
  endfacet
  facet normal -0.770462 0.637486 0
    outer loop
      vertex -58.5451 49.9389 0
      vertex -58.1448 50.4227 15
      vertex -58.1448 50.4227 0
    endloop
  endfacet
  facet normal -0.770462 0.637486 0
    outer loop
      vertex -58.1448 50.4227 15
      vertex -58.5451 49.9389 0
      vertex -58.5451 49.9389 15
    endloop
  endfacet
  facet normal -0.904811 0.425812 0
    outer loop
      vertex -59.1489 48.8406 0
      vertex -58.8815 49.4088 15
      vertex -58.8815 49.4088 0
    endloop
  endfacet
  facet normal -0.904811 0.425812 0
    outer loop
      vertex -58.8815 49.4088 15
      vertex -59.1489 48.8406 0
      vertex -59.1489 48.8406 15
    endloop
  endfacet
  facet normal 0 0 -1
    outer loop
      vertex 54.814 -51.9901 0
      vertex 59.5 -47 0
      vertex 59.4606 -47.6267 0
    endloop
  endfacet
  facet normal 0 0 -1
    outer loop
      vertex 59.5 -47 0
      vertex 47.5 0 0
      vertex 59.5 47 0
    endloop
  endfacet
  facet normal 0 0 -1
    outer loop
      vertex 54.814 -51.9901 0
      vertex 59.4606 -47.6267 0
      vertex 59.3429 -48.2435 0
    endloop
  endfacet
  facet normal 0 0 -1
    outer loop
      vertex 47.1255 5.95333 0
      vertex 59.5 47 0
      vertex 47.5 0 0
    endloop
  endfacet
  facet normal 0 0 -1
    outer loop
      vertex 54.814 -51.9901 0
      vertex 59.3429 -48.2435 0
      vertex 59.1489 -48.8406 0
    endloop
  endfacet
  facet normal 0 0 -1
    outer loop
      vertex 46.0077 11.8128 0
      vertex 59.5 47 0
      vertex 47.1255 5.95333 0
    endloop
  endfacet
  facet normal 0 0 -1
    outer loop
      vertex 54.814 -51.9901 0
      vertex 59.1489 -48.8406 0
      vertex 58.8815 -49.4088 0
    endloop
  endfacet
  facet normal 0 0 -1
    outer loop
      vertex 44.1644 17.4859 0
      vertex 59.5 47 0
      vertex 46.0077 11.8128 0
    endloop
  endfacet
  facet normal 0 0 -1
    outer loop
      vertex 54.814 -51.9901 0
      vertex 58.8815 -49.4088 0
      vertex 58.5451 -49.9389 0
    endloop
  endfacet
  facet normal 0 0 -1
    outer loop
      vertex 41.6246 22.8833 0
      vertex 59.5 47 0
      vertex 44.1644 17.4859 0
    endloop
  endfacet
  facet normal 0 0 -1
    outer loop
      vertex 54.814 -51.9901 0
      vertex 58.5451 -49.9389 0
      vertex 58.1448 -50.4227 0
    endloop
  endfacet
  facet normal 0 0 -1
    outer loop
      vertex 38.4283 27.9198 0
      vertex 59.5 47 0
      vertex 41.6246 22.8833 0
    endloop
  endfacet
  facet normal 0 0 -1
    outer loop
      vertex 54.814 -51.9901 0
      vertex 58.1448 -50.4227 0
      vertex 57.6871 -50.8526 0
    endloop
  endfacet
  facet normal 0 0 -1
    outer loop
      vertex 34.626 32.516 0
      vertex 59.5 47 0
      vertex 38.4283 27.9198 0
    endloop
  endfacet
  facet normal 0 0 -1
    outer loop
      vertex 54.814 -51.9901 0
      vertex 57.6871 -50.8526 0
      vertex 57.1791 -51.2216 0
    endloop
  endfacet
  facet normal 0 -0 -1
    outer loop
      vertex 54.814 51.9901 0
      vertex 59.5 47 0
      vertex 34.626 32.516 0
    endloop
  endfacet
  facet normal 0 0 -1
    outer loop
      vertex 54.814 -51.9901 0
      vertex 57.1791 -51.2216 0
      vertex 56.6289 -51.5241 0
    endloop
  endfacet
  facet normal 0 0 -1
    outer loop
      vertex 59.4606 47.6267 0
      vertex 54.814 51.9901 0
      vertex 59.3429 48.2435 0
    endloop
  endfacet
  facet normal 0 0 -1
    outer loop
      vertex 54.814 -51.9901 0
      vertex 56.6289 -51.5241 0
      vertex 56.0451 -51.7553 0
    endloop
  endfacet
  facet normal 0 0 -1
    outer loop
      vertex 59.3429 48.2435 0
      vertex 54.814 51.9901 0
      vertex 59.1489 48.8406 0
    endloop
  endfacet
  facet normal 0 0 -1
    outer loop
      vertex 54.814 -51.9901 0
      vertex 56.0451 -51.7553 0
      vertex 55.4369 -51.9114 0
    endloop
  endfacet
  facet normal 0 0 -1
    outer loop
      vertex 59.1489 48.8406 0
      vertex 54.814 51.9901 0
      vertex 58.8815 49.4088 0
    endloop
  endfacet
  facet normal -0 0 -1
    outer loop
      vertex 59.5 -47 0
      vertex 54.814 -51.9901 0
      vertex 34.626 -32.516 0
    endloop
  endfacet
  facet normal 0 0 -1
    outer loop
      vertex 58.8815 49.4088 0
      vertex 54.814 51.9901 0
      vertex 58.5451 49.9389 0
    endloop
  endfacet
  facet normal 0 0 -1
    outer loop
      vertex 58.5451 49.9389 0
      vertex 54.814 51.9901 0
      vertex 58.1448 50.4227 0
    endloop
  endfacet
  facet normal 0 0 -1
    outer loop
      vertex 59.5 -47 0
      vertex 47.1255 -5.95333 0
      vertex 47.5 0 0
    endloop
  endfacet
  facet normal 0 0 -1
    outer loop
      vertex 59.5 -47 0
      vertex 46.0077 -11.8128 0
      vertex 47.1255 -5.95333 0
    endloop
  endfacet
  facet normal 0 0 -1
    outer loop
      vertex 59.5 -47 0
      vertex 44.1644 -17.4859 0
      vertex 46.0077 -11.8128 0
    endloop
  endfacet
  facet normal 0 0 -1
    outer loop
      vertex 59.5 -47 0
      vertex 41.6246 -22.8833 0
      vertex 44.1644 -17.4859 0
    endloop
  endfacet
  facet normal 0 0 -1
    outer loop
      vertex 59.5 -47 0
      vertex 38.4283 -27.9198 0
      vertex 41.6246 -22.8833 0
    endloop
  endfacet
  facet normal 0 0 -1
    outer loop
      vertex 59.5 -47 0
      vertex 34.626 -32.516 0
      vertex 38.4283 -27.9198 0
    endloop
  endfacet
  facet normal 0 0 -1
    outer loop
      vertex 54.814 -51.9901 0
      vertex 30.2776 -36.5994 0
      vertex 34.626 -32.516 0
    endloop
  endfacet
  facet normal 0 0 -1
    outer loop
      vertex 54.814 -51.9901 0
      vertex 25.4518 -40.1056 0
      vertex 30.2776 -36.5994 0
    endloop
  endfacet
  facet normal 0 0 -1
    outer loop
      vertex 54.814 -51.9901 0
      vertex 20.2245 -42.9793 0
      vertex 25.4518 -40.1056 0
    endloop
  endfacet
  facet normal 0 0 -1
    outer loop
      vertex 54.814 -51.9901 0
      vertex 14.6783 -45.1752 0
      vertex 20.2245 -42.9793 0
    endloop
  endfacet
  facet normal 0 0 -1
    outer loop
      vertex 54.814 -51.9901 0
      vertex 8.90061 -46.6586 0
      vertex 14.6783 -45.1752 0
    endloop
  endfacet
  facet normal 0 0 -1
    outer loop
      vertex 54.814 -51.9901 0
      vertex 2.98255 -47.4063 0
      vertex 8.90061 -46.6586 0
    endloop
  endfacet
  facet normal 0 0 -1
    outer loop
      vertex 54.814 -51.9901 0
      vertex -2.98255 -47.4063 0
      vertex 2.98255 -47.4063 0
    endloop
  endfacet
  facet normal -0 0 -1
    outer loop
      vertex -46.0077 -11.8128 0
      vertex -59.5 -47 0
      vertex -47.1255 -5.95333 0
    endloop
  endfacet
  facet normal -0 0 -1
    outer loop
      vertex -44.1644 -17.4859 0
      vertex -59.5 -47 0
      vertex -46.0077 -11.8128 0
    endloop
  endfacet
  facet normal -0 0 -1
    outer loop
      vertex -41.6246 -22.8833 0
      vertex -59.5 -47 0
      vertex -44.1644 -17.4859 0
    endloop
  endfacet
  facet normal -0 0 -1
    outer loop
      vertex -38.4283 -27.9198 0
      vertex -59.5 -47 0
      vertex -41.6246 -22.8833 0
    endloop
  endfacet
  facet normal -0 0 -1
    outer loop
      vertex -34.626 -32.516 0
      vertex -59.5 -47 0
      vertex -38.4283 -27.9198 0
    endloop
  endfacet
  facet normal 0 0 -1
    outer loop
      vertex -59.5 -47 0
      vertex -34.626 -32.516 0
      vertex -54.814 -51.9901 0
    endloop
  endfacet
  facet normal -0 0 -1
    outer loop
      vertex -30.2776 -36.5994 0
      vertex -54.814 -51.9901 0
      vertex -34.626 -32.516 0
    endloop
  endfacet
  facet normal -0 0 -1
    outer loop
      vertex -25.4518 -40.1056 0
      vertex -54.814 -51.9901 0
      vertex -30.2776 -36.5994 0
    endloop
  endfacet
  facet normal -0 0 -1
    outer loop
      vertex -20.2245 -42.9793 0
      vertex -54.814 -51.9901 0
      vertex -25.4518 -40.1056 0
    endloop
  endfacet
  facet normal -0 0 -1
    outer loop
      vertex -14.6783 -45.1752 0
      vertex -54.814 -51.9901 0
      vertex -20.2245 -42.9793 0
    endloop
  endfacet
  facet normal -0 0 -1
    outer loop
      vertex -8.90061 -46.6586 0
      vertex -54.814 -51.9901 0
      vertex -14.6783 -45.1752 0
    endloop
  endfacet
  facet normal -0 0 -1
    outer loop
      vertex -2.98255 -47.4063 0
      vertex -54.814 -51.9901 0
      vertex -8.90061 -46.6586 0
    endloop
  endfacet
  facet normal 0 0 -1
    outer loop
      vertex -54.814 -51.9901 0
      vertex -2.98255 -47.4063 0
      vertex 54.814 -51.9901 0
    endloop
  endfacet
  facet normal 0 0 -1
    outer loop
      vertex 58.1448 50.4227 0
      vertex 54.814 51.9901 0
      vertex 57.6871 50.8526 0
    endloop
  endfacet
  facet normal 0 0 -1
    outer loop
      vertex 57.6871 50.8526 0
      vertex 54.814 51.9901 0
      vertex 57.1791 51.2216 0
    endloop
  endfacet
  facet normal 0 0 -1
    outer loop
      vertex 57.1791 51.2216 0
      vertex 54.814 51.9901 0
      vertex 56.6289 51.5241 0
    endloop
  endfacet
  facet normal 0 0 -1
    outer loop
      vertex 56.6289 51.5241 0
      vertex 54.814 51.9901 0
      vertex 56.0451 51.7553 0
    endloop
  endfacet
  facet normal 0 0 -1
    outer loop
      vertex 56.0451 51.7553 0
      vertex 54.814 51.9901 0
      vertex 55.4369 51.9114 0
    endloop
  endfacet
  facet normal 0 0 -1
    outer loop
      vertex 59.5 47 0
      vertex 54.814 51.9901 0
      vertex 59.4606 47.6267 0
    endloop
  endfacet
  facet normal 0 0 -1
    outer loop
      vertex 30.2776 36.5994 0
      vertex 54.814 51.9901 0
      vertex 34.626 32.516 0
    endloop
  endfacet
  facet normal 0 0 -1
    outer loop
      vertex 25.4518 40.1056 0
      vertex 54.814 51.9901 0
      vertex 30.2776 36.5994 0
    endloop
  endfacet
  facet normal 0 0 -1
    outer loop
      vertex 20.2245 42.9793 0
      vertex 54.814 51.9901 0
      vertex 25.4518 40.1056 0
    endloop
  endfacet
  facet normal 0 0 -1
    outer loop
      vertex 14.6783 45.1752 0
      vertex 54.814 51.9901 0
      vertex 20.2245 42.9793 0
    endloop
  endfacet
  facet normal 0 0 -1
    outer loop
      vertex 8.90061 46.6586 0
      vertex 54.814 51.9901 0
      vertex 14.6783 45.1752 0
    endloop
  endfacet
  facet normal 0 0 -1
    outer loop
      vertex 2.98255 47.4063 0
      vertex 54.814 51.9901 0
      vertex 8.90061 46.6586 0
    endloop
  endfacet
  facet normal 0 0 -1
    outer loop
      vertex -2.98255 47.4063 0
      vertex 54.814 51.9901 0
      vertex 2.98255 47.4063 0
    endloop
  endfacet
  facet normal -0 0 -1
    outer loop
      vertex -47.1255 -5.95333 0
      vertex -59.5 -47 0
      vertex -47.5 0 0
    endloop
  endfacet
  facet normal 0 0 -1
    outer loop
      vertex -2.98255 47.4063 0
      vertex -54.814 51.9901 0
      vertex 54.814 51.9901 0
    endloop
  endfacet
  facet normal 0 0 -1
    outer loop
      vertex -8.90061 46.6586 0
      vertex -54.814 51.9901 0
      vertex -2.98255 47.4063 0
    endloop
  endfacet
  facet normal 0 0 -1
    outer loop
      vertex -14.6783 45.1752 0
      vertex -54.814 51.9901 0
      vertex -8.90061 46.6586 0
    endloop
  endfacet
  facet normal 0 0 -1
    outer loop
      vertex -20.2245 42.9793 0
      vertex -54.814 51.9901 0
      vertex -14.6783 45.1752 0
    endloop
  endfacet
  facet normal 0 0 -1
    outer loop
      vertex -25.4518 40.1056 0
      vertex -54.814 51.9901 0
      vertex -20.2245 42.9793 0
    endloop
  endfacet
  facet normal 0 0 -1
    outer loop
      vertex -30.2776 36.5994 0
      vertex -54.814 51.9901 0
      vertex -25.4518 40.1056 0
    endloop
  endfacet
  facet normal 0 0 -1
    outer loop
      vertex -34.626 32.516 0
      vertex -54.814 51.9901 0
      vertex -30.2776 36.5994 0
    endloop
  endfacet
  facet normal 0 0 -1
    outer loop
      vertex -59.5 47 0
      vertex -34.626 32.516 0
      vertex -38.4283 27.9198 0
    endloop
  endfacet
  facet normal 0 0 -1
    outer loop
      vertex -59.5 47 0
      vertex -38.4283 27.9198 0
      vertex -41.6246 22.8833 0
    endloop
  endfacet
  facet normal 0 0 -1
    outer loop
      vertex -59.5 47 0
      vertex -41.6246 22.8833 0
      vertex -44.1644 17.4859 0
    endloop
  endfacet
  facet normal 0 0 -1
    outer loop
      vertex -59.5 47 0
      vertex -44.1644 17.4859 0
      vertex -46.0077 11.8128 0
    endloop
  endfacet
  facet normal 0 0 -1
    outer loop
      vertex -59.5 47 0
      vertex -46.0077 11.8128 0
      vertex -47.1255 5.95333 0
    endloop
  endfacet
  facet normal 0 0 -1
    outer loop
      vertex -59.5 47 0
      vertex -47.5 0 0
      vertex -59.5 -47 0
    endloop
  endfacet
  facet normal 0 0 -1
    outer loop
      vertex -59.5 -47 0
      vertex -54.814 -51.9901 0
      vertex -55.4369 -51.9114 0
    endloop
  endfacet
  facet normal 0 0 -1
    outer loop
      vertex -47.5 0 0
      vertex -59.5 47 0
      vertex -47.1255 5.95333 0
    endloop
  endfacet
  facet normal 0 0 -1
    outer loop
      vertex -59.5 -47 0
      vertex -55.4369 -51.9114 0
      vertex -56.0451 -51.7553 0
    endloop
  endfacet
  facet normal 0 0 -1
    outer loop
      vertex -34.626 32.516 0
      vertex -59.5 47 0
      vertex -54.814 51.9901 0
    endloop
  endfacet
  facet normal 0 0 -1
    outer loop
      vertex -59.5 -47 0
      vertex -56.0451 -51.7553 0
      vertex -56.6289 -51.5241 0
    endloop
  endfacet
  facet normal 0 0 -1
    outer loop
      vertex -54.814 51.9901 0
      vertex -59.5 47 0
      vertex -55.4369 51.9114 0
    endloop
  endfacet
  facet normal 0 0 -1
    outer loop
      vertex -59.5 -47 0
      vertex -56.6289 -51.5241 0
      vertex -57.1791 -51.2216 0
    endloop
  endfacet
  facet normal 0 0 -1
    outer loop
      vertex -55.4369 51.9114 0
      vertex -59.5 47 0
      vertex -56.0451 51.7553 0
    endloop
  endfacet
  facet normal 0 0 -1
    outer loop
      vertex -59.5 -47 0
      vertex -57.1791 -51.2216 0
      vertex -57.6871 -50.8526 0
    endloop
  endfacet
  facet normal 0 0 -1
    outer loop
      vertex -56.0451 51.7553 0
      vertex -59.5 47 0
      vertex -56.6289 51.5241 0
    endloop
  endfacet
  facet normal 0 0 -1
    outer loop
      vertex -59.5 -47 0
      vertex -57.6871 -50.8526 0
      vertex -58.1448 -50.4227 0
    endloop
  endfacet
  facet normal 0 0 -1
    outer loop
      vertex -56.6289 51.5241 0
      vertex -59.5 47 0
      vertex -57.1791 51.2216 0
    endloop
  endfacet
  facet normal 0 0 -1
    outer loop
      vertex -59.5 -47 0
      vertex -58.1448 -50.4227 0
      vertex -58.5451 -49.9389 0
    endloop
  endfacet
  facet normal 0 0 -1
    outer loop
      vertex -57.1791 51.2216 0
      vertex -59.5 47 0
      vertex -57.6871 50.8526 0
    endloop
  endfacet
  facet normal 0 0 -1
    outer loop
      vertex -59.5 -47 0
      vertex -58.5451 -49.9389 0
      vertex -58.8815 -49.4088 0
    endloop
  endfacet
  facet normal 0 0 -1
    outer loop
      vertex -57.6871 50.8526 0
      vertex -59.5 47 0
      vertex -58.1448 50.4227 0
    endloop
  endfacet
  facet normal 0 0 -1
    outer loop
      vertex -59.5 -47 0
      vertex -58.8815 -49.4088 0
      vertex -59.1489 -48.8406 0
    endloop
  endfacet
  facet normal 0 0 -1
    outer loop
      vertex -58.1448 50.4227 0
      vertex -59.5 47 0
      vertex -58.5451 49.9389 0
    endloop
  endfacet
  facet normal 0 0 -1
    outer loop
      vertex -59.5 -47 0
      vertex -59.1489 -48.8406 0
      vertex -59.3429 -48.2435 0
    endloop
  endfacet
  facet normal 0 0 -1
    outer loop
      vertex -58.5451 49.9389 0
      vertex -59.5 47 0
      vertex -58.8815 49.4088 0
    endloop
  endfacet
  facet normal 0 0 -1
    outer loop
      vertex -59.5 -47 0
      vertex -59.3429 -48.2435 0
      vertex -59.4606 -47.6267 0
    endloop
  endfacet
  facet normal 0 0 -1
    outer loop
      vertex -58.8815 49.4088 0
      vertex -59.5 47 0
      vertex -59.1489 48.8406 0
    endloop
  endfacet
  facet normal 0 0 -1
    outer loop
      vertex -59.1489 48.8406 0
      vertex -59.5 47 0
      vertex -59.3429 48.2435 0
    endloop
  endfacet
  facet normal 0 0 -1
    outer loop
      vertex -59.3429 48.2435 0
      vertex -59.5 47 0
      vertex -59.4606 47.6267 0
    endloop
  endfacet
  facet normal -0.248909 -0.968527 0
    outer loop
      vertex -56.0451 -51.7553 0
      vertex -56.0058 -51.7654 3.26218
      vertex -56.0451 -51.7553 3.29904
    endloop
  endfacet
  facet normal -0.24857 -0.968614 -4.35093e-06
    outer loop
      vertex -56.0451 -51.7553 0
      vertex -55.447 -51.9088 2.8562
      vertex -56.0058 -51.7654 3.26218
    endloop
  endfacet
  facet normal -0.249225 -0.968446 0.000141724
    outer loop
      vertex -56.0451 -51.7553 0
      vertex -55.4369 -51.9114 2.85062
      vertex -55.447 -51.9088 2.8562
    endloop
  endfacet
  facet normal -0.248601 -0.968606 -0
    outer loop
      vertex -55.4369 -51.9114 2.85062
      vertex -56.0451 -51.7553 0
      vertex -55.4369 -51.9114 0
    endloop
  endfacet
  facet normal -0.248601 -0.968606 0
    outer loop
      vertex -56.0451 -51.7553 15
      vertex -55.4369 -51.9114 12.1494
      vertex -55.4369 -51.9114 15
    endloop
  endfacet
  facet normal -0.249224 -0.968446 -0.000141671
    outer loop
      vertex -56.0451 -51.7553 15
      vertex -55.447 -51.9088 12.1438
      vertex -55.4369 -51.9114 12.1494
    endloop
  endfacet
  facet normal -0.24857 -0.968614 4.3509e-06
    outer loop
      vertex -56.0451 -51.7553 15
      vertex -56.0058 -51.7654 11.7378
      vertex -55.447 -51.9088 12.1438
    endloop
  endfacet
  facet normal -0.248909 -0.968527 0
    outer loop
      vertex -56.0058 -51.7654 11.7378
      vertex -56.0451 -51.7553 15
      vertex -56.0451 -51.7553 11.701
    endloop
  endfacet
  facet normal 0.368203 0.929745 -0
    outer loop
      vertex 56.6289 51.5241 0
      vertex 56.0451 51.7553 15
      vertex 56.6289 51.5241 15
    endloop
  endfacet
  facet normal 0.368203 0.929745 0
    outer loop
      vertex 56.0451 51.7553 15
      vertex 56.6289 51.5241 0
      vertex 56.0451 51.7553 0
    endloop
  endfacet
  facet normal 0.587698 0.80908 -0
    outer loop
      vertex 57.6871 50.8526 0
      vertex 57.1791 51.2216 15
      vertex 57.6871 50.8526 15
    endloop
  endfacet
  facet normal 0.587698 0.80908 0
    outer loop
      vertex 57.1791 51.2216 15
      vertex 57.6871 50.8526 0
      vertex 57.1791 51.2216 0
    endloop
  endfacet
  facet normal 0.684624 0.728896 -0
    outer loop
      vertex 58.1448 50.4227 0
      vertex 57.6871 50.8526 15
      vertex 58.1448 50.4227 15
    endloop
  endfacet
  facet normal 0.684624 0.728896 0
    outer loop
      vertex 57.6871 50.8526 15
      vertex 58.1448 50.4227 0
      vertex 57.6871 50.8526 0
    endloop
  endfacet
  facet normal 0.770462 -0.637486 0
    outer loop
      vertex 58.1448 -50.4227 15
      vertex 58.5451 -49.9389 0
      vertex 58.5451 -49.9389 15
    endloop
  endfacet
  facet normal 0.770462 -0.637486 0
    outer loop
      vertex 58.5451 -49.9389 0
      vertex 58.1448 -50.4227 15
      vertex 58.1448 -50.4227 0
    endloop
  endfacet
  facet normal 0.951061 -0.309003 0
    outer loop
      vertex 59.1489 -48.8406 15
      vertex 59.3429 -48.2435 0
      vertex 59.3429 -48.2435 15
    endloop
  endfacet
  facet normal 0.951061 -0.309003 0
    outer loop
      vertex 59.3429 -48.2435 0
      vertex 59.1489 -48.8406 15
      vertex 59.1489 -48.8406 0
    endloop
  endfacet
  facet normal -0.844336 0.535814 0
    outer loop
      vertex -58.8815 49.4088 0
      vertex -58.5451 49.9389 15
      vertex -58.5451 49.9389 0
    endloop
  endfacet
  facet normal -0.844336 0.535814 0
    outer loop
      vertex -58.5451 49.9389 15
      vertex -58.8815 49.4088 0
      vertex -58.8815 49.4088 15
    endloop
  endfacet
  facet normal -0.587698 0.80908 0
    outer loop
      vertex -57.1791 51.2216 0
      vertex -57.6871 50.8526 15
      vertex -57.1791 51.2216 15
    endloop
  endfacet
  facet normal -0.587698 0.80908 0
    outer loop
      vertex -57.6871 50.8526 15
      vertex -57.1791 51.2216 0
      vertex -57.6871 50.8526 0
    endloop
  endfacet
  facet normal -0.481784 0.87629 0
    outer loop
      vertex -56.6289 51.5241 0
      vertex -57.1791 51.2216 15
      vertex -56.6289 51.5241 15
    endloop
  endfacet
  facet normal -0.481784 0.87629 0
    outer loop
      vertex -57.1791 51.2216 15
      vertex -56.6289 51.5241 0
      vertex -57.1791 51.2216 0
    endloop
  endfacet
  facet normal -0.248601 0.968606 0
    outer loop
      vertex -55.4369 51.9114 0
      vertex -56.0451 51.7553 15
      vertex -55.4369 51.9114 15
    endloop
  endfacet
  facet normal -0.248601 0.968606 0
    outer loop
      vertex -56.0451 51.7553 15
      vertex -55.4369 51.9114 0
      vertex -56.0451 51.7553 0
    endloop
  endfacet
  facet normal -0.125348 0.992113 0
    outer loop
      vertex -54.814 51.9901 8.97592
      vertex -55.4369 51.9114 15
      vertex -54.814 51.9901 15
    endloop
  endfacet
  facet normal -0.125315 0.992117 3.50301e-06
    outer loop
      vertex -54.9098 51.978 8.82482
      vertex -55.4369 51.9114 15
      vertex -54.814 51.9901 8.97592
    endloop
  endfacet
  facet normal -0.125432 0.992102 -6.65668e-06
    outer loop
      vertex -55.0569 51.9594 8.51234
      vertex -55.4369 51.9114 15
      vertex -54.9098 51.978 8.82482
    endloop
  endfacet
  facet normal -0.124716 0.992192 3.59455e-05
    outer loop
      vertex -55.1636 51.946 8.1839
      vertex -55.4369 51.9114 15
      vertex -55.0569 51.9594 8.51234
    endloop
  endfacet
  facet normal -0.12571 0.992067 -4.53548e-06
    outer loop
      vertex -55.2283 51.9378 7.84467
      vertex -55.4369 51.9114 15
      vertex -55.1636 51.946 8.1839
    endloop
  endfacet
  facet normal -0.127207 0.991876 -4.8902e-05
    outer loop
      vertex -55.25 51.935 7.5
      vertex -55.4369 51.9114 15
      vertex -55.2283 51.9378 7.84467
    endloop
  endfacet
  facet normal -0.125348 0.992113 0
    outer loop
      vertex -55.4369 51.9114 0
      vertex -54.814 51.9901 6.02408
      vertex -54.814 51.9901 0
    endloop
  endfacet
  facet normal -0.125315 0.992117 -3.50301e-06
    outer loop
      vertex -54.814 51.9901 6.02408
      vertex -55.4369 51.9114 0
      vertex -54.9098 51.978 6.17518
    endloop
  endfacet
  facet normal -0.125432 0.992102 6.65668e-06
    outer loop
      vertex -54.9098 51.978 6.17518
      vertex -55.4369 51.9114 0
      vertex -55.0569 51.9594 6.48766
    endloop
  endfacet
  facet normal -0.124716 0.992192 -3.59455e-05
    outer loop
      vertex -55.0569 51.9594 6.48766
      vertex -55.4369 51.9114 0
      vertex -55.1636 51.946 6.8161
    endloop
  endfacet
  facet normal -0.12571 0.992067 4.53548e-06
    outer loop
      vertex -55.1636 51.946 6.8161
      vertex -55.4369 51.9114 0
      vertex -55.2283 51.9378 7.15533
    endloop
  endfacet
  facet normal -0.125276 0.992122 0
    outer loop
      vertex -55.25 51.935 7.5
      vertex -55.4369 51.9114 0
      vertex -55.4369 51.9114 15
    endloop
  endfacet
  facet normal -0.127207 0.991876 4.8902e-05
    outer loop
      vertex -55.2283 51.9378 7.15533
      vertex -55.4369 51.9114 0
      vertex -55.25 51.935 7.5
    endloop
  endfacet
  facet normal -0.904811 -0.425812 0
    outer loop
      vertex -58.8815 -49.4088 0
      vertex -59.1489 -48.8406 15
      vertex -59.1489 -48.8406 0
    endloop
  endfacet
  facet normal -0.904811 -0.425812 0
    outer loop
      vertex -59.1489 -48.8406 15
      vertex -58.8815 -49.4088 0
      vertex -58.8815 -49.4088 15
    endloop
  endfacet
  facet normal -0.770462 -0.637486 0
    outer loop
      vertex -58.1448 -50.4227 0
      vertex -58.5451 -49.9389 15
      vertex -58.5451 -49.9389 0
    endloop
  endfacet
  facet normal -0.770462 -0.637486 0
    outer loop
      vertex -58.5451 -49.9389 15
      vertex -58.1448 -50.4227 0
      vertex -58.1448 -50.4227 15
    endloop
  endfacet
  facet normal -0.951061 -0.309003 0
    outer loop
      vertex -59.1489 -48.8406 0
      vertex -59.3429 -48.2435 15
      vertex -59.3429 -48.2435 0
    endloop
  endfacet
  facet normal -0.951061 -0.309003 0
    outer loop
      vertex -59.3429 -48.2435 15
      vertex -59.1489 -48.8406 0
      vertex -59.1489 -48.8406 15
    endloop
  endfacet
  facet normal -0.99803 -0.0627451 0
    outer loop
      vertex -59.4606 -47.6267 0
      vertex -59.5 -47 15
      vertex -59.5 -47 0
    endloop
  endfacet
  facet normal -0.99803 -0.0627451 0
    outer loop
      vertex -59.5 -47 15
      vertex -59.4606 -47.6267 0
      vertex -59.4606 -47.6267 15
    endloop
  endfacet
  facet normal -0.125368 -0.99211 0
    outer loop
      vertex -55.4369 -51.9114 0
      vertex -54.8418 -51.9866 2.52345
      vertex -55.4369 -51.9114 2.85062
    endloop
  endfacet
  facet normal -0.124952 -0.992163 -9.97208e-05
    outer loop
      vertex -55.4369 -51.9114 0
      vertex -54.814 -51.9901 2.51243
      vertex -54.8418 -51.9866 2.52345
    endloop
  endfacet
  facet normal -0.125348 -0.992113 -0
    outer loop
      vertex -54.814 -51.9901 2.51243
      vertex -55.4369 -51.9114 0
      vertex -54.814 -51.9901 0
    endloop
  endfacet
  facet normal -0.125348 -0.992113 0
    outer loop
      vertex -55.4369 -51.9114 15
      vertex -54.814 -51.9901 12.4876
      vertex -54.814 -51.9901 15
    endloop
  endfacet
  facet normal -0.124952 -0.992163 9.96572e-05
    outer loop
      vertex -55.4369 -51.9114 15
      vertex -54.8418 -51.9866 12.4765
      vertex -54.814 -51.9901 12.4876
    endloop
  endfacet
  facet normal -0.125368 -0.99211 0
    outer loop
      vertex -54.8418 -51.9866 12.4765
      vertex -55.4369 -51.9114 15
      vertex -55.4369 -51.9114 12.1494
    endloop
  endfacet
  facet normal -0.36844 -0.929651 0
    outer loop
      vertex -56.6289 -51.5241 0
      vertex -56.5093 -51.5715 3.73499
      vertex -56.6289 -51.5241 3.87953
    endloop
  endfacet
  facet normal -0.368151 -0.929766 -1.07245e-05
    outer loop
      vertex -56.6289 -51.5241 0
      vertex -56.0451 -51.7553 3.29904
      vertex -56.5093 -51.5715 3.73499
    endloop
  endfacet
  facet normal -0.368203 -0.929745 -0
    outer loop
      vertex -56.0451 -51.7553 3.29904
      vertex -56.6289 -51.5241 0
      vertex -56.0451 -51.7553 0
    endloop
  endfacet
  facet normal -0.368203 -0.929745 0
    outer loop
      vertex -56.6289 -51.5241 15
      vertex -56.0451 -51.7553 11.701
      vertex -56.0451 -51.7553 15
    endloop
  endfacet
  facet normal -0.368151 -0.929766 1.07245e-05
    outer loop
      vertex -56.6289 -51.5241 15
      vertex -56.5093 -51.5715 11.265
      vertex -56.0451 -51.7553 11.701
    endloop
  endfacet
  facet normal -0.36844 -0.929651 0
    outer loop
      vertex -56.5093 -51.5715 11.265
      vertex -56.6289 -51.5241 15
      vertex -56.6289 -51.5241 11.1205
    endloop
  endfacet
  facet normal -0.588106 -0.808784 0
    outer loop
      vertex -57.6871 -50.8526 0
      vertex -57.6138 -50.9059 5.47532
      vertex -57.6871 -50.8526 5.70106
    endloop
  endfacet
  facet normal -0.587661 -0.809107 -9.11167e-06
    outer loop
      vertex -57.6871 -50.8526 0
      vertex -57.3197 -51.1195 4.85036
      vertex -57.6138 -50.9059 5.47532
    endloop
  endfacet
  facet normal -0.587606 -0.809147 -1.54763e-05
    outer loop
      vertex -57.6871 -50.8526 0
      vertex -57.1791 -51.2216 4.62888
      vertex -57.3197 -51.1195 4.85036
    endloop
  endfacet
  facet normal -0.587698 -0.80908 -0
    outer loop
      vertex -57.1791 -51.2216 4.62888
      vertex -57.6871 -50.8526 0
      vertex -57.1791 -51.2216 0
    endloop
  endfacet
  facet normal -0.587698 -0.80908 0
    outer loop
      vertex -57.6871 -50.8526 15
      vertex -57.1791 -51.2216 10.3711
      vertex -57.1791 -51.2216 15
    endloop
  endfacet
  facet normal -0.587606 -0.809147 1.5476e-05
    outer loop
      vertex -57.6871 -50.8526 15
      vertex -57.3197 -51.1195 10.1496
      vertex -57.1791 -51.2216 10.3711
    endloop
  endfacet
  facet normal -0.587661 -0.809107 9.11169e-06
    outer loop
      vertex -57.6871 -50.8526 15
      vertex -57.6138 -50.9059 9.52468
      vertex -57.3197 -51.1195 10.1496
    endloop
  endfacet
  facet normal -0.588106 -0.808784 0
    outer loop
      vertex -57.6138 -50.9059 9.52468
      vertex -57.6871 -50.8526 15
      vertex -57.6871 -50.8526 9.29894
    endloop
  endfacet
  facet normal 0.248601 0.968606 -0
    outer loop
      vertex 56.0451 51.7553 0
      vertex 55.4369 51.9114 15
      vertex 56.0451 51.7553 15
    endloop
  endfacet
  facet normal 0.248601 0.968606 0
    outer loop
      vertex 55.4369 51.9114 15
      vertex 56.0451 51.7553 0
      vertex 55.4369 51.9114 0
    endloop
  endfacet
  facet normal 0.481784 0.87629 -0
    outer loop
      vertex 57.1791 51.2216 0
      vertex 56.6289 51.5241 15
      vertex 57.1791 51.2216 15
    endloop
  endfacet
  facet normal 0.481784 0.87629 0
    outer loop
      vertex 56.6289 51.5241 15
      vertex 57.1791 51.2216 0
      vertex 56.6289 51.5241 0
    endloop
  endfacet
  facet normal 0.844336 -0.535814 0
    outer loop
      vertex 58.5451 -49.9389 15
      vertex 58.8815 -49.4088 0
      vertex 58.8815 -49.4088 15
    endloop
  endfacet
  facet normal 0.844336 -0.535814 0
    outer loop
      vertex 58.8815 -49.4088 0
      vertex 58.5451 -49.9389 15
      vertex 58.5451 -49.9389 0
    endloop
  endfacet
  facet normal 0.982276 -0.187441 0
    outer loop
      vertex 59.3429 -48.2435 15
      vertex 59.4606 -47.6267 0
      vertex 59.4606 -47.6267 15
    endloop
  endfacet
  facet normal 0.982276 -0.187441 0
    outer loop
      vertex 59.4606 -47.6267 0
      vertex 59.3429 -48.2435 15
      vertex 59.3429 -48.2435 0
    endloop
  endfacet
  facet normal 0.481784 -0.87629 0
    outer loop
      vertex 56.6289 -51.5241 11.1205
      vertex 57.1791 -51.2216 15
      vertex 56.6289 -51.5241 15
    endloop
  endfacet
  facet normal 0.481747 -0.87631 6.90842e-06
    outer loop
      vertex 56.9496 -51.3478 10.7328
      vertex 57.1791 -51.2216 15
      vertex 56.6289 -51.5241 11.1205
    endloop
  endfacet
  facet normal 0.481845 -0.876256 0
    outer loop
      vertex 57.1791 -51.2216 15
      vertex 56.9496 -51.3478 10.7328
      vertex 57.1791 -51.2216 10.3711
    endloop
  endfacet
  facet normal 0.481784 -0.87629 0
    outer loop
      vertex 57.1791 -51.2216 0
      vertex 56.6289 -51.5241 3.87953
      vertex 56.6289 -51.5241 0
    endloop
  endfacet
  facet normal 0.481747 -0.87631 -6.90851e-06
    outer loop
      vertex 56.6289 -51.5241 3.87953
      vertex 57.1791 -51.2216 0
      vertex 56.9496 -51.3478 4.26718
    endloop
  endfacet
  facet normal 0.481845 -0.876256 0
    outer loop
      vertex 56.9496 -51.3478 4.26718
      vertex 57.1791 -51.2216 0
      vertex 57.1791 -51.2216 4.62888
    endloop
  endfacet
  facet normal -0.844336 -0.535814 0
    outer loop
      vertex -58.5451 -49.9389 0
      vertex -58.8815 -49.4088 15
      vertex -58.8815 -49.4088 0
    endloop
  endfacet
  facet normal -0.844336 -0.535814 0
    outer loop
      vertex -58.8815 -49.4088 15
      vertex -58.5451 -49.9389 0
      vertex -58.5451 -49.9389 15
    endloop
  endfacet
  facet normal -0.684624 -0.728896 0
    outer loop
      vertex -58.1448 -50.4227 15
      vertex -57.6871 -50.8526 9.29894
      vertex -57.6871 -50.8526 15
    endloop
  endfacet
  facet normal -0.684645 -0.728877 -3.16853e-06
    outer loop
      vertex -58.1448 -50.4227 15
      vertex -57.8272 -50.721 8.86779
      vertex -57.6871 -50.8526 9.29894
    endloop
  endfacet
  facet normal -0.684527 -0.728988 8.39539e-06
    outer loop
      vertex -58.1448 -50.4227 15
      vertex -57.9566 -50.5995 8.18933
      vertex -57.8272 -50.721 8.86779
    endloop
  endfacet
  facet normal -0.684247 -0.729251 2.29415e-05
    outer loop
      vertex -58.1448 -50.4227 15
      vertex -58 -50.5588 7.5
      vertex -57.9566 -50.5995 8.18933
    endloop
  endfacet
  facet normal -0.684878 -0.728658 0
    outer loop
      vertex -58.1448 -50.4227 0
      vertex -58 -50.5588 7.5
      vertex -58.1448 -50.4227 15
    endloop
  endfacet
  facet normal -0.684247 -0.729251 -2.29415e-05
    outer loop
      vertex -58.1448 -50.4227 0
      vertex -57.9566 -50.5995 6.81067
      vertex -58 -50.5588 7.5
    endloop
  endfacet
  facet normal -0.684527 -0.728988 -8.39539e-06
    outer loop
      vertex -58.1448 -50.4227 0
      vertex -57.8272 -50.721 6.13221
      vertex -57.9566 -50.5995 6.81067
    endloop
  endfacet
  facet normal -0.684645 -0.728877 3.16853e-06
    outer loop
      vertex -58.1448 -50.4227 0
      vertex -57.6871 -50.8526 5.70106
      vertex -57.8272 -50.721 6.13221
    endloop
  endfacet
  facet normal -0.684624 -0.728896 -0
    outer loop
      vertex -57.6871 -50.8526 5.70106
      vertex -58.1448 -50.4227 0
      vertex -57.6871 -50.8526 0
    endloop
  endfacet
  facet normal -0.982276 -0.187441 0
    outer loop
      vertex -59.3429 -48.2435 0
      vertex -59.4606 -47.6267 15
      vertex -59.4606 -47.6267 0
    endloop
  endfacet
  facet normal -0.982276 -0.187441 0
    outer loop
      vertex -59.4606 -47.6267 15
      vertex -59.3429 -48.2435 0
      vertex -59.3429 -48.2435 15
    endloop
  endfacet
  facet normal -0.481845 -0.876256 0
    outer loop
      vertex -57.1791 -51.2216 0
      vertex -56.9496 -51.3478 4.26718
      vertex -57.1791 -51.2216 4.62888
    endloop
  endfacet
  facet normal -0.481747 -0.87631 -6.90851e-06
    outer loop
      vertex -57.1791 -51.2216 0
      vertex -56.6289 -51.5241 3.87953
      vertex -56.9496 -51.3478 4.26718
    endloop
  endfacet
  facet normal -0.481784 -0.87629 -0
    outer loop
      vertex -56.6289 -51.5241 3.87953
      vertex -57.1791 -51.2216 0
      vertex -56.6289 -51.5241 0
    endloop
  endfacet
  facet normal -0.481784 -0.87629 0
    outer loop
      vertex -57.1791 -51.2216 15
      vertex -56.6289 -51.5241 11.1205
      vertex -56.6289 -51.5241 15
    endloop
  endfacet
  facet normal -0.481747 -0.87631 6.90842e-06
    outer loop
      vertex -57.1791 -51.2216 15
      vertex -56.9496 -51.3478 10.7328
      vertex -56.6289 -51.5241 11.1205
    endloop
  endfacet
  facet normal -0.481845 -0.876256 0
    outer loop
      vertex -56.9496 -51.3478 10.7328
      vertex -57.1791 -51.2216 15
      vertex -57.1791 -51.2216 10.3711
    endloop
  endfacet
  facet normal 0.844336 0.535814 0
    outer loop
      vertex 58.8815 49.4088 15
      vertex 58.5451 49.9389 0
      vertex 58.5451 49.9389 15
    endloop
  endfacet
  facet normal 0.844336 0.535814 0
    outer loop
      vertex 58.5451 49.9389 0
      vertex 58.8815 49.4088 15
      vertex 58.8815 49.4088 0
    endloop
  endfacet
  facet normal 0.951061 0.309003 0
    outer loop
      vertex 59.3429 48.2435 15
      vertex 59.1489 48.8406 0
      vertex 59.1489 48.8406 15
    endloop
  endfacet
  facet normal 0.951061 0.309003 0
    outer loop
      vertex 59.1489 48.8406 0
      vertex 59.3429 48.2435 15
      vertex 59.3429 48.2435 0
    endloop
  endfacet
  facet normal 0.904811 0.425812 0
    outer loop
      vertex 59.1489 48.8406 15
      vertex 58.8815 49.4088 0
      vertex 58.8815 49.4088 15
    endloop
  endfacet
  facet normal 0.904811 0.425812 0
    outer loop
      vertex 58.8815 49.4088 0
      vertex 59.1489 48.8406 15
      vertex 59.1489 48.8406 0
    endloop
  endfacet
  facet normal 0.99803 -0.0627451 0
    outer loop
      vertex 59.4606 -47.6267 15
      vertex 59.5 -47 0
      vertex 59.5 -47 15
    endloop
  endfacet
  facet normal 0.99803 -0.0627451 0
    outer loop
      vertex 59.5 -47 0
      vertex 59.4606 -47.6267 15
      vertex 59.4606 -47.6267 0
    endloop
  endfacet
  facet normal 0.684624 -0.728896 0
    outer loop
      vertex 57.6871 -50.8526 9.29894
      vertex 58.1448 -50.4227 15
      vertex 57.6871 -50.8526 15
    endloop
  endfacet
  facet normal 0.684645 -0.728877 -3.16853e-06
    outer loop
      vertex 57.8272 -50.721 8.86779
      vertex 58.1448 -50.4227 15
      vertex 57.6871 -50.8526 9.29894
    endloop
  endfacet
  facet normal 0.684527 -0.728988 8.39539e-06
    outer loop
      vertex 57.9566 -50.5995 8.18933
      vertex 58.1448 -50.4227 15
      vertex 57.8272 -50.721 8.86779
    endloop
  endfacet
  facet normal 0.684247 -0.729251 2.29415e-05
    outer loop
      vertex 58 -50.5588 7.5
      vertex 58.1448 -50.4227 15
      vertex 57.9566 -50.5995 8.18933
    endloop
  endfacet
  facet normal 0.684624 -0.728896 0
    outer loop
      vertex 58.1448 -50.4227 0
      vertex 57.6871 -50.8526 5.70106
      vertex 57.6871 -50.8526 0
    endloop
  endfacet
  facet normal 0.684645 -0.728877 3.16853e-06
    outer loop
      vertex 57.6871 -50.8526 5.70106
      vertex 58.1448 -50.4227 0
      vertex 57.8272 -50.721 6.13221
    endloop
  endfacet
  facet normal 0.684527 -0.728988 -8.39539e-06
    outer loop
      vertex 57.8272 -50.721 6.13221
      vertex 58.1448 -50.4227 0
      vertex 57.9566 -50.5995 6.81067
    endloop
  endfacet
  facet normal 0.684878 -0.728658 0
    outer loop
      vertex 58 -50.5588 7.5
      vertex 58.1448 -50.4227 0
      vertex 58.1448 -50.4227 15
    endloop
  endfacet
  facet normal 0.684247 -0.729251 -2.29415e-05
    outer loop
      vertex 57.9566 -50.5995 6.81067
      vertex 58.1448 -50.4227 0
      vertex 58 -50.5588 7.5
    endloop
  endfacet
  facet normal 0.368203 -0.929745 0
    outer loop
      vertex 56.0451 -51.7553 11.701
      vertex 56.6289 -51.5241 15
      vertex 56.0451 -51.7553 15
    endloop
  endfacet
  facet normal 0.368151 -0.929766 1.07245e-05
    outer loop
      vertex 56.5093 -51.5715 11.265
      vertex 56.6289 -51.5241 15
      vertex 56.0451 -51.7553 11.701
    endloop
  endfacet
  facet normal 0.36844 -0.929651 0
    outer loop
      vertex 56.6289 -51.5241 15
      vertex 56.5093 -51.5715 11.265
      vertex 56.6289 -51.5241 11.1205
    endloop
  endfacet
  facet normal 0.368203 -0.929745 0
    outer loop
      vertex 56.6289 -51.5241 0
      vertex 56.0451 -51.7553 3.29904
      vertex 56.0451 -51.7553 0
    endloop
  endfacet
  facet normal 0.368151 -0.929766 -1.07245e-05
    outer loop
      vertex 56.0451 -51.7553 3.29904
      vertex 56.6289 -51.5241 0
      vertex 56.5093 -51.5715 3.73499
    endloop
  endfacet
  facet normal 0.36844 -0.929651 0
    outer loop
      vertex 56.5093 -51.5715 3.73499
      vertex 56.6289 -51.5241 0
      vertex 56.6289 -51.5241 3.87953
    endloop
  endfacet
  facet normal 0.982276 0.187441 0
    outer loop
      vertex 59.4606 47.6267 15
      vertex 59.3429 48.2435 0
      vertex 59.3429 48.2435 15
    endloop
  endfacet
  facet normal 0.982276 0.187441 0
    outer loop
      vertex 59.3429 48.2435 0
      vertex 59.4606 47.6267 15
      vertex 59.4606 47.6267 0
    endloop
  endfacet
  facet normal 0.99803 0.0627451 0
    outer loop
      vertex 59.5 47 15
      vertex 59.4606 47.6267 0
      vertex 59.4606 47.6267 15
    endloop
  endfacet
  facet normal 0.99803 0.0627451 0
    outer loop
      vertex 59.4606 47.6267 0
      vertex 59.5 47 15
      vertex 59.5 47 0
    endloop
  endfacet
  facet normal 0.904811 -0.425812 0
    outer loop
      vertex 58.8815 -49.4088 15
      vertex 59.1489 -48.8406 0
      vertex 59.1489 -48.8406 15
    endloop
  endfacet
  facet normal 0.904811 -0.425812 0
    outer loop
      vertex 59.1489 -48.8406 0
      vertex 58.8815 -49.4088 15
      vertex 58.8815 -49.4088 0
    endloop
  endfacet
  facet normal 0.587698 -0.80908 0
    outer loop
      vertex 57.1791 -51.2216 10.3711
      vertex 57.6871 -50.8526 15
      vertex 57.1791 -51.2216 15
    endloop
  endfacet
  facet normal 0.587606 -0.809147 1.5476e-05
    outer loop
      vertex 57.3197 -51.1195 10.1496
      vertex 57.6871 -50.8526 15
      vertex 57.1791 -51.2216 10.3711
    endloop
  endfacet
  facet normal 0.587661 -0.809107 9.11169e-06
    outer loop
      vertex 57.6138 -50.9059 9.52468
      vertex 57.6871 -50.8526 15
      vertex 57.3197 -51.1195 10.1496
    endloop
  endfacet
  facet normal 0.588106 -0.808784 0
    outer loop
      vertex 57.6871 -50.8526 15
      vertex 57.6138 -50.9059 9.52468
      vertex 57.6871 -50.8526 9.29894
    endloop
  endfacet
  facet normal 0.587698 -0.80908 0
    outer loop
      vertex 57.6871 -50.8526 0
      vertex 57.1791 -51.2216 4.62888
      vertex 57.1791 -51.2216 0
    endloop
  endfacet
  facet normal 0.587606 -0.809147 -1.54763e-05
    outer loop
      vertex 57.1791 -51.2216 4.62888
      vertex 57.6871 -50.8526 0
      vertex 57.3197 -51.1195 4.85036
    endloop
  endfacet
  facet normal 0.587661 -0.809107 -9.11167e-06
    outer loop
      vertex 57.3197 -51.1195 4.85036
      vertex 57.6871 -50.8526 0
      vertex 57.6138 -50.9059 5.47532
    endloop
  endfacet
  facet normal 0.588106 -0.808784 0
    outer loop
      vertex 57.6138 -50.9059 5.47532
      vertex 57.6871 -50.8526 0
      vertex 57.6871 -50.8526 5.70106
    endloop
  endfacet
  facet normal 0.248601 -0.968606 0
    outer loop
      vertex 55.4369 -51.9114 12.1494
      vertex 56.0451 -51.7553 15
      vertex 55.4369 -51.9114 15
    endloop
  endfacet
  facet normal 0.249224 -0.968446 -0.000141671
    outer loop
      vertex 55.447 -51.9088 12.1438
      vertex 56.0451 -51.7553 15
      vertex 55.4369 -51.9114 12.1494
    endloop
  endfacet
  facet normal 0.24857 -0.968614 4.3509e-06
    outer loop
      vertex 56.0058 -51.7654 11.7378
      vertex 56.0451 -51.7553 15
      vertex 55.447 -51.9088 12.1438
    endloop
  endfacet
  facet normal 0.248909 -0.968527 0
    outer loop
      vertex 56.0451 -51.7553 15
      vertex 56.0058 -51.7654 11.7378
      vertex 56.0451 -51.7553 11.701
    endloop
  endfacet
  facet normal 0.248601 -0.968606 0
    outer loop
      vertex 56.0451 -51.7553 0
      vertex 55.4369 -51.9114 2.85062
      vertex 55.4369 -51.9114 0
    endloop
  endfacet
  facet normal 0.249225 -0.968446 0.000141724
    outer loop
      vertex 55.4369 -51.9114 2.85062
      vertex 56.0451 -51.7553 0
      vertex 55.447 -51.9088 2.8562
    endloop
  endfacet
  facet normal 0.24857 -0.968614 -4.35093e-06
    outer loop
      vertex 55.447 -51.9088 2.8562
      vertex 56.0451 -51.7553 0
      vertex 56.0058 -51.7654 3.26218
    endloop
  endfacet
  facet normal 0.248909 -0.968527 0
    outer loop
      vertex 56.0058 -51.7654 3.26218
      vertex 56.0451 -51.7553 0
      vertex 56.0451 -51.7553 3.29904
    endloop
  endfacet
  facet normal 0.125348 -0.992113 0
    outer loop
      vertex 55.4369 -51.9114 0
      vertex 54.814 -51.9901 2.51243
      vertex 54.814 -51.9901 0
    endloop
  endfacet
  facet normal 0.124952 -0.992163 -9.97208e-05
    outer loop
      vertex 54.814 -51.9901 2.51243
      vertex 55.4369 -51.9114 0
      vertex 54.8418 -51.9866 2.52345
    endloop
  endfacet
  facet normal 0.125368 -0.99211 0
    outer loop
      vertex 54.8418 -51.9866 2.52345
      vertex 55.4369 -51.9114 0
      vertex 55.4369 -51.9114 2.85062
    endloop
  endfacet
  facet normal 0.125348 -0.992113 0
    outer loop
      vertex 54.814 -51.9901 12.4876
      vertex 55.4369 -51.9114 15
      vertex 54.814 -51.9901 15
    endloop
  endfacet
  facet normal 0.124952 -0.992163 9.96572e-05
    outer loop
      vertex 54.8418 -51.9866 12.4765
      vertex 55.4369 -51.9114 15
      vertex 54.814 -51.9901 12.4876
    endloop
  endfacet
  facet normal 0.125368 -0.99211 0
    outer loop
      vertex 55.4369 -51.9114 15
      vertex 54.8418 -51.9866 12.4765
      vertex 55.4369 -51.9114 12.1494
    endloop
  endfacet
endsolid OpenSCAD_Model
